feature_name,Supergroup,MapSymbol,X,Y,Z,coord,val,strike,dip,gx,gy,gz,intrusion_contact_type,intrusion_side,intrusion_anisotropy,,,
fault_1,,,513912.006,5260856.862,161,0,0,,,,,,,,,,,
fault_1,,,513609.419,5261216.161,194,0,0,,,,,,,,,,,
fault_1,,,513405.237,5261436.027,221,0,0,,,,,,,,,,,
fault_1,,,513243.739,5261720.04,158,0,0,,,,,,,,,,,
fault_1,,,513165.775,5261937.227,162,0,0,,,,,,,,,,,
fault_1,,,512920.744,5262276.929,263,0,0,,,,,,,,,,,
fault_1,,,512681.281,5262599.925,261,0,0,,,,,,,,,,,
fault_1,,,512336.01,5262961.903,274,0,0,,,,,,,,,,,
fault_1,,,512102.117,5263195.796,297,0,0,,,,,,,,,,,
fault_1,,,511668.453,5263582.16,301,0,0,,,,,,,,,,,
fault_1,,,512920.744,5262276.929,263,0,,,,-0.83,-0.54,0.17,,,,,,
fault_1,,,512920.744,5262276.929,263,1,0,,,,,,,,,,,
fault_1,,,512920.744,5262276.929,263,1,,,,-0.15,-0.09,-0.98,,,,,,
fault_2,,,511614.761,5257865.83,478,0,0,,,,,,,,,,,
fault_2,,,511682.459,5257820.289,483,0,0,,,,,,,,,,,
fault_2,,,511853.928,5257722.33,549,0,0,,,,,,,,,,,
fault_2,,,512083.196,5257716.119,506,0,0,,,,,,,,,,,
fault_2,,,512310.67,5257705.489,514,0,0,,,,,,,,,,,
fault_2,,,513110.154,5257481.236,495,0,0,,,,,,,,,,,
fault_2,,,513625.774,5257375.349,416,0,0,,,,,,,,,,,
fault_2,,,514141.395,5257205.01,423,0,0,,,,,,,,,,,
fault_2,,,514348.563,5257122.143,412,0,0,,,,,,,,,,,
fault_2,,,514592.562,5256988.634,361,0,0,,,,,,,,,,,
fault_2,,,515112.786,5256740.032,334,0,0,,,,,,,,,,,
fault_2,,,515633.01,5256528.259,305,0,0,,,,,,,,,,,
fault_2,,,516272.932,5256334.901,354,0,0,,,,,,,,,,,
fault_2,,,516866.816,5256173.77,485,0,0,,,,,,,,,,,
fault_2,,,517216.701,5256095.506,573,0,0,,,,,,,,,,,
fault_2,,,517561.982,5255989.62,592,0,0,,,,,,,,,,,
fault_2,,,517759.944,5255865.319,532,0,0,,,,,,,,,,,
fault_2,,,517930.283,5255759.432,454,0,0,,,,,,,,,,,
fault_2,,,517994.735,5255722.602,427,0,0,,,,,,,,,,,
fault_2,,,518229.526,5255625.924,336,0,0,,,,,,,,,,,
fault_2,,,518600.129,5255517.735,256,0,0,,,,,,,,,,,
fault_2,,,518940.806,5255379.623,200,0,0,,,,,,,,,,,
fault_2,,,519037.485,5255333.585,200,0,0,,,,,,,,,,,
fault_2,,,515633.01,5256528.259,305,1,0,,,,,,,,,,,
fault_2,,,515633.01,5256528.259,305,1,,,,0.06,0.16,-0.98,,,,,,
fault_2,,,515112.786,5256740.032,334,0,,,,0.34,0.93,0.17,,,,,,
fault_3a,,,516769.198,5267002.653,61,0,0,,,,,,,,,,,
fault_3a,,,516896.859,5266819.561,62,0,0,,,,,,,,,,,
fault_3a,,,517316.795,5266129.186,120,0,0,,,,,,,,,,,
fault_3a,,,517952.526,5265552.876,102,0,0,,,,,,,,,,,
fault_3a,,,518025.648,5265196.928,104,0,0,,,,,,,,,,,
fault_3a,,,518008.85,5265109.581,120,0,0,,,,,,,,,,,
fault_3a,,,518043.232,5265038.874,125,0,0,,,,,,,,,,,
fault_3a,,,518149.056,5264789.432,125,0,0,,,,,,,,,,,
fault_3a,,,518406.057,5264419.048,135,0,0,,,,,,,,,,,
fault_3a,,,518708.411,5263563.008,100,0,0,,,,,,,,,,,
fault_3a,,,519063.677,5263215.301,70,0,0,,,,,,,,,,,
fault_3a,,,519305.561,5262867.594,77,0,0,,,,,,,,,,,
fault_3a,,,519555.003,5262238.32,64,0,0,,,,,,,,,,,
fault_3a,,,519691.062,5261724.318,65,0,0,,,,,,,,,,,
fault_3a,,,519736.415,5261202.757,56,0,0,,,,,,,,,,,
fault_3a,,,519834.68,5260809.697,41,0,0,,,,,,,,,,,
fault_3a,,,519783.5,5260431.072,56,0,0,,,,,,,,,,,
fault_3a,,,519728.856,5260023.576,84,0,0,,,,,,,,,,,
fault_3a,,,519728.856,5259759.016,92,0,0,,,,,,,,,,,
fault_3a,,,519863.858,5259422.293,102,0,0,,,,,,,,,,,
fault_3a,,,520099.24,5259093.837,105,0,0,,,,,,,,,,,
fault_3a,,,519305.561,5262867.594,77,1,0,,,,,,,,,,,
fault_3a,,,519305.561,5262867.594,77,1,,,,0.15,0.09,-0.98,,,,,,
fault_3a,,,519305.561,5262867.594,77,0,,,,0.85,0.49,0.17,,,,,,
fault_3b,,,520567.889,5258874.631,99,0,0,,,,,,,,,,,
fault_3b,,,520908.037,5258594.953,105,0,0,,,,,,,,,,,
fault_3b,,,521096.221,5258181.474,47,0,0,,,,,,,,,,,
fault_3b,,,521364.98,5257650.674,40,0,0,,,,,,,,,,,
fault_3b,,,521818.511,5256805.763,47,0,0,,,,,,,,,,,
fault_3b,,,521878.982,5256325.356,60,0,0,,,,,,,,,,,
fault_3b,,,521996.564,5255881.903,88,0,0,,,,,,,,,,,
fault_3b,,,522147.741,5255285.594,102,0,0,,,,,,,,,,,
fault_3b,,,522258.604,5254892.533,149,0,0,,,,,,,,,,,
fault_3b,,,522413.141,5254727.918,161,0,0,,,,,,,,,,,
fault_3b,,,522812.92,5254354.175,125,0,0,,,,,,,,,,,
fault_3b,,,522826.358,5254105.573,100,0,0,,,,,,,,,,,
fault_3b,,,522906.986,5253537.819,147,0,0,,,,,,,,,,,
fault_3b,,,523115.274,5253280.818,189,0,0,,,,,,,,,,,
fault_3b,,,523216.059,5252901.196,192,0,0,,,,,,,,,,,
fault_3b,,,523300.046,5252541.731,236,0,0,,,,,,,,,,,
fault_3b,,,523377.314,5252202.422,243,0,0,,,,,,,,,,,
fault_3b,,,523444.504,5251846.316,184,0,0,,,,,,,,,,,
fault_3b,,,523528.491,5251651.466,166,0,0,,,,,,,,,,,
fault_3b,,,523713.263,5251322.236,120,0,0,,,,,,,,,,,
fault_3b,,,523827.486,5251097.15,102,0,0,,,,,,,,,,,
fault_3b,,,522147.741,5255285.594,102,1,0,,,,,,,,,,,
fault_3b,,,522147.741,5255285.594,102,1,,,,0.17,0.03,-0.98,,,,,,
fault_3b,,,522147.741,5255285.594,102,0,,,,0.97,0.19,0.17,,,,,,
fault_3c,,,523679.668,5250667.136,130,0,0,,,,,,,,,,,
fault_3c,,,523310.124,5250062.427,214,0,0,,,,,,,,,,,
fault_3c,,,522990.973,5249196.519,177,0,0,,,,,,,,,,,
fault_3c,,,522802.842,5248931.119,193,0,0,,,,,,,,,,,
fault_3c,,,522658.384,5248753.066,210,0,0,,,,,,,,,,,
fault_3c,,,522386.265,5248588.451,257,0,0,,,,,,,,,,,
fault_3c,,,522261.964,5248487.667,273,0,0,,,,,,,,,,,
fault_3c,,,522114.146,5248265.94,338,0,0,,,,,,,,,,,
fault_3c,,,522033.518,5248091.247,378,0,0,,,,,,,,,,,
fault_3c,,,521855.466,5247731.782,372,0,0,,,,,,,,,,,
fault_3c,,,521717.726,5247392.473,316,0,0,,,,,,,,,,,
fault_3c,,,521593.425,5247076.681,265,0,0,,,,,,,,,,,
fault_3c,,,521425.451,5246878.471,254,0,0,,,,,,,,,,,
fault_3c,,,522658.384,5248753.066,210,0,,,,0.63,-0.75,0.17,,,,,,
fault_3c,,,522658.384,5248753.066,210,1,0,,,,,,,,,,,
fault_3c,,,522658.384,5248753.066,210,1,,,,0.11,-0.13,-0.98,,,,,,
fault_3d,,,522197.334,5244535.141,187,0,0,,,,,,,,,,,
fault_3d,,,522223.749,5244328.226,160,0,0,,,,,,,,,,,
fault_3d,,,522280.981,5244116.908,129,0,0,,,,,,,,,,,
fault_3d,,,522355.823,5243967.224,102,0,0,,,,,,,,,,,
fault_3d,,,522311.798,5243804.333,80,0,0,,,,,,,,,,,
fault_3d,,,522276.578,5243632.637,103,0,0,,,,,,,,,,,
fault_3d,,,522241.359,5243504.965,123,0,0,,,,,,,,,,,
fault_3d,,,522241.359,5243403.709,135,0,0,,,,,,,,,,,
fault_3d,,,522285.383,5243236.415,116,0,0,,,,,,,,,,,
fault_3d,,,522342.615,5243077.927,114,0,0,,,,,,,,,,,
fault_3d,,,522371.231,5242999.233,101,0,0,,,,,,,,,,,
fault_3d,,,522293.363,5242847.21,101,0,0,,,,,,,,,,,
fault_3d,,,522240.757,5242748.294,115,0,0,,,,,,,,,,,
fault_3d,,,522168.948,5242621.683,129,0,0,,,,,,,,,,,
fault_3d,,,522182.176,5242461.058,141,0,0,,,,,,,,,,,
fault_3d,,,522189.735,5242317.439,158,0,0,,,,,,,,,,,
fault_3d,,,522195.404,5242147.365,174,0,0,,,,,,,,,,,
fault_3d,,,522197.294,5241933.828,170,0,0,,,,,,,,,,,
fault_3d,,,522371.231,5242999.233,101,0,,,,0.98,0,0.17,,,,,,
fault_3d,,,522371.231,5242999.233,101,1,,,,0.17,0,-0.98,,,,,,
fault_3d,,,522371.231,5242999.233,101,1,0,,,,,,,,,,,
fault_3e,,,522907.353,5241668.796,93,0,0,,,,,,,,,,,
fault_3e,,,522930.03,5241305.971,87,0,0,,,,,,,,,,,
fault_3e,,,522960.265,5240844.881,74,0,0,,,,,,,,,,,
fault_3e,,,523028.295,5240308.202,95,0,0,,,,,,,,,,,
fault_3e,,,523103.883,5239990.731,85,0,0,,,,,,,,,,,
fault_3e,,,523194.59,5239590.111,81,0,0,,,,,,,,,,,
fault_3e,,,523353.325,5239008.08,45,0,0,,,,,,,,,,,
fault_3e,,,523028.295,5240308.202,95,0,,,,0.97,0.17,0.17,,,,,,
fault_3e,,,523028.295,5240308.202,95,1,,,,0.17,0.03,-0.98,,,,,,
fault_3e,,,523028.295,5240308.202,95,1,0,,,,,,,,,,,
fault_3f,,,520985.968,5243863.609,170,0,0,,,,,,,,,,,
fault_3f,,,520959.092,5243561.255,219,0,0,,,,,,,,,,,
fault_3f,,,520938.935,5243285.777,287,0,0,,,,,,,,,,,
fault_3f,,,520912.059,5242909.514,283,0,0,,,,,,,,,,,
fault_3f,,,520878.464,5242392.153,178,0,0,,,,,,,,,,,
fault_3f,,,520912.059,5241968.857,198,0,0,,,,,,,,,,,
fault_3f,,,521073.314,5241505.248,192,0,0,,,,,,,,,,,
fault_3f,,,521031.718,5240982.798,273,0,0,,,,,,,,,,,
fault_3f,,,521194.256,5240410.054,209,0,0,,,,,,,,,,,
fault_3f,,,521496.61,5239919.569,199,0,0,,,,,,,,,,,
fault_3f,,,521617.552,5239509.711,125,0,0,,,,,,,,,,,
fault_3f,,,520912.059,5241968.857,198,0,,,,0.98,0.1,0.17,,,,,,
fault_3f,,,520912.059,5241968.857,198,1,0,,,,,,,,,,,
fault_3f,,,520912.059,5241968.857,198,1,,,,0.17,0.02,-0.98,,,,,,
fault_4a,,,529584.254,5267126.04,169,0,0,,,,,,,,,,,
fault_4a,,,529863.502,5266784.656,153,0,0,,,,,,,,,,,
fault_4a,,,530775.996,5265978.849,117,0,0,,,,,,,,,,,
fault_4a,,,531744.793,5264930.642,71,0,0,,,,,,,,,,,
fault_4a,,,531995.583,5264775.969,86,0,0,,,,,,,,,,,
fault_4a,,,532282.381,5264581.057,93,0,0,,,,,,,,,,,
fault_4a,,,532463.37,5264416.775,93,0,0,,,,,,,,,,,
fault_4a,,,532574.748,5264280.337,89,0,0,,,,,,,,,,,
fault_4a,,,532892.175,5263754.077,89,0,0,,,,,,,,,,,
fault_4a,,,533112.734,5263304.636,93,0,0,,,,,,,,,,,
fault_4a,,,533297.985,5262952.635,131,0,0,,,,,,,,,,,
fault_4a,,,533484.048,5262673.634,122,0,0,,,,,,,,,,,
fault_4a,,,533776.176,5262254.632,50,0,0,,,,,,,,,,,
fault_4a,,,533868.49,5262089.132,56,0,0,,,,,,,,,,,
fault_4a,,,534079.555,5261674.628,73,0,0,,,,,,,,,,,
fault_4a,,,534374.372,5261162.623,86,0,0,,,,,,,,,,,
fault_4a,,,534474.124,5260932.121,84,0,0,,,,,,,,,,,
fault_4a,,,534548.812,5260654.119,80,0,0,,,,,,,,,,,
fault_4a,,,534745.877,5260301.117,74,0,0,,,,,,,,,,,
fault_4a,,,533112.734,5263304.636,93,0,,,,0.85,0.49,0.17,,,,,,
fault_4a,,,533112.734,5263304.636,93,1,,,,0.15,0.09,-0.98,,,,,,
fault_4a,,,533112.734,5263304.636,93,1,0,,,,,,,,,,,
fault_4b,,,535775.193,5258787.167,71,0,0,,,,,,,,,,,
fault_4b,,,535816.627,5258658.262,76,0,0,,,,,,,,,,,
fault_4b,,,535911.771,5258426.539,80,0,0,,,,,,,,,,,
fault_4b,,,535956.274,5258276.15,105,0,0,,,,,,,,,,,
fault_4b,,,536008.45,5258115.019,94,0,0,,,,,,,,,,,
fault_4b,,,536054.487,5257973.837,68,0,0,,,,,,,,,,,
fault_4b,,,536181.858,5257617.046,45,0,0,,,,,,,,,,,
fault_4b,,,536289.279,5257291.714,45,0,0,,,,,,,,,,,
fault_4b,,,536407.442,5257010.502,53,0,0,,,,,,,,,,,
fault_4b,,,536448.875,5256898.477,60,0,0,,,,,,,,,,,
fault_4b,,,536524.07,5256732.742,69,0,0,,,,,,,,,,,
fault_4b,,,536623.818,5256508.693,103,0,0,,,,,,,,,,,
fault_4b,,,536699.78,5256365.209,80,0,0,,,,,,,,,,,
fault_4b,,,536877.792,5256139.626,112,0,0,,,,,,,,,,,
fault_4b,,,537091.099,5255857.262,99,0,0,,,,,,,,,,,
fault_4b,,,537249.161,5255673.112,102,0,0,,,,,,,,,,,
fault_4b,,,537417.965,5255508.144,91,0,0,,,,,,,,,,,
fault_4b,,,537576.795,5255368.881,105,0,0,,,,,,,,,,,
fault_4b,,,537676.543,5255301.359,97,0,0,,,,,,,,,,,
fault_4b,,,537803.913,5255204.68,107,0,0,,,,,,,,,,,
fault_4b,,,537984.227,5254997.895,104,0,0,,,,,,,,,,,
fault_4b,,,538036.403,5254899.682,111,0,0,,,,,,,,,,,
fault_4b,,,538071.698,5254810.676,123,0,0,,,,,,,,,,,
fault_4b,,,538157.635,5254623.456,129,0,0,,,,,,,,,,,
fault_4b,,,538202.138,5254506.828,134,0,0,,,,,,,,,,,
fault_4b,,,538293.445,5254255.54,128,0,0,,,,,,,,,,,
fault_4b,,,538347.156,5254100.547,103,0,0,,,,,,,,,,,
fault_4b,,,538449.973,5253624.059,101,0,0,,,,,,,,,,,
fault_4b,,,538466.853,5253518.172,97,0,0,,,,,,,,,,,
fault_4b,,,538472.992,5253430.701,98,0,0,,,,,,,,,,,
fault_4b,,,538431.558,5253327.884,95,0,0,,,,,,,,,,,
fault_4b,,,538390.124,5253218.928,84,0,0,,,,,,,,,,,
fault_4b,,,538345.621,5253111.508,87,0,0,,,,,,,,,,,
fault_4b,,,538324.904,5253057.03,96,0,0,,,,,,,,,,,
fault_4b,,,538214.414,5252749.729,120,0,0,,,,,,,,,,,
fault_4b,,,538201.817,5252741.463,120,0,0,,,,,,,,,,,
fault_4b,,,538340.883,5252445.125,114,0,0,,,,,,,,,,,
fault_4b,,,538666.665,5251824.378,79,0,0,,,,,,,,,,,
fault_4b,,,538748.111,5251657.085,77,0,0,,,,,,,,,,,
fault_4b,,,538785.532,5251549.225,69,0,0,,,,,,,,,,,
fault_4b,,,538814.148,5251454.572,67,0,0,,,,,,,,,,,
fault_4b,,,538895.593,5251269.668,62,0,0,,,,,,,,,,,
fault_4b,,,539001.252,5251007.722,59,0,0,,,,,,,,,,,
fault_4b,,,539120.119,5250719.361,50,0,0,,,,,,,,,,,
fault_4b,,,539159.741,5250494.835,44,0,0,,,,,,,,,,,
fault_4b,,,539289.614,5250133.833,17,0,0,,,,,,,,,,,
fault_4b,,,537417.965,5255508.144,91,0,,,,0.7,0.7,0.17,,,,,,
fault_4b,,,537417.965,5255508.144,91,1,0,,,,,,,,,,,
fault_4b,,,537417.965,5255508.144,91,1,,,,0.12,0.12,-0.98,,,,,,
pi_fault_1,,,517433.981,5245779.599,498,0,0,,,,,,,,,,,
pi_fault_1,,,517591.748,5245769.739,571,0,0,,,,,,,,,,,
pi_fault_1,,,517981.235,5245833.832,699,0,0,,,,,,,,,,,
pi_fault_1,,,518464.397,5245883.134,700,0,0,,,,,,,,,,,
pi_fault_1,,,518883.466,5245986.669,722,0,0,,,,,,,,,,,
pi_fault_1,,,519544.115,5246208.529,582,0,0,,,,,,,,,,,
pi_fault_1,,,519844.859,5246331.784,443,0,0,,,,,,,,,,,
pi_fault_1,,,520337.881,5246602.946,409,0,0,,,,,,,,,,,
pi_fault_1,,,518883.466,5245986.669,722,0,,,,0.5,-0.86,0,,,,,,
pi_fault_1,,,518883.466,5245986.669,722,1,0,,,,,,,,,,,
pi_fault_1,,,518883.466,5245986.669,722,1,,,,0,0,-1,,,,,,
pi_fault_10,,,525258.429,5260252.848,36,0,0,,,,,,,,,,,
pi_fault_10,,,528340.193,5266485.149,203,0,0,,,,,,,,,,,
pi_fault_10,,,525692.422,5261119.767,309,0,0,,,,,,,,,,,
pi_fault_10,,,526166.11,5262026.829,203,0,0,,,,,,,,,,,
pi_fault_10,,,526629.72,5263014.519,168,0,0,,,,,,,,,,,
pi_fault_10,,,527093.33,5263921.581,210,0,0,,,,,,,,,,,
pi_fault_10,,,527677.881,5265070.527,360,0,0,,,,,,,,,,,
pi_fault_10,,,527949.999,5265634.921,339,0,0,,,,,,,,,,,
pi_fault_10,,,527093.33,5263921.581,210,0,,,,0.9,-0.4,0,,,,,,
pi_fault_10,,,527093.33,5263921.581,210,1,0,,,,,,,,,,,
pi_fault_10,,,527093.33,5263921.581,210,1,,,,0,0,-1,,,,,,
pi_fault_2,,,515094.333,5239818.132,216,0,0,,,,,,,,,,,
pi_fault_2,,,515509.17,5240578.665,166,0,0,,,,,,,,,,,
pi_fault_2,,,515775.85,5241033.01,175,0,0,,,,,,,,,,,
pi_fault_2,,,516003.023,5241650.326,150,0,0,,,,,,,,,,,
pi_fault_2,,,516054.877,5241798.482,162,0,0,,,,,,,,,,,
pi_fault_2,,,516106.732,5241993.554,193,0,0,,,,,,,,,,,
pi_fault_2,,,516190.687,5242203.441,209,0,0,,,,,,,,,,,
pi_fault_2,,,516240.072,5242359.005,202,0,0,,,,,,,,,,,
pi_fault_2,,,516287.704,5242473.064,200,0,0,,,,,,,,,,,
pi_fault_2,,,516530.928,5242966.086,200,0,0,,,,,,,,,,,
pi_fault_2,,,516741.284,5243399.946,220,0,0,,,,,,,,,,,
pi_fault_2,,,516938.493,5243689.185,241,0,0,,,,,,,,,,,
pi_fault_2,,,517175.144,5244017.867,276,0,0,,,,,,,,,,,
pi_fault_2,,,517352.632,5244215.076,290,0,0,,,,,,,,,,,
pi_fault_2,,,517477.531,5244326.827,301,0,0,,,,,,,,,,,
pi_fault_2,,,517628.724,5244418.858,327,0,0,,,,,,,,,,,
pi_fault_2,,,517977.127,5244517.463,396,0,0,,,,,,,,,,,
pi_fault_2,,,518325.529,5244616.067,433,0,0,,,,,,,,,,,
pi_fault_2,,,519324.72,5244846.144,397,0,0,,,,,,,,,,,
pi_fault_2,,,519719.138,5244977.617,389,0,0,,,,,,,,,,,
pi_fault_2,,,520583.479,5245117.994,453,0,0,,,,,,,,,,,
pi_fault_2,,,521898.719,5245117.994,156,0,0,,,,,,,,,,,
pi_fault_2,,,516741.284,5243399.946,220,0,,,,0.7,-0.7,0,,,,,,
pi_fault_2,,,516741.284,5243399.946,220,1,0,,,,,,,,,,,
pi_fault_2,,,516741.284,5243399.946,220,1,,,,0,0,-1,,,,,,
pi_fault_4,,,523345.999,5246048.087,249,0,0,,,,,,,,,,,
pi_fault_4,,,523879.36,5246344.398,288,0,0,,,,,,,,,,,
pi_fault_4,,,524175.672,5246640.71,337,0,0,,,,,,,,,,,
pi_fault_4,,,524649.77,5247203.702,222,0,0,,,,,,,,,,,
pi_fault_4,,,524886.82,5247559.277,164,0,0,,,,,,,,,,,
pi_fault_4,,,524972,5247929,192,0,0,,,,,,,,,,,
pi_fault_4,,,525331.287,5248418.581,210,0,0,,,,,,,,,,,
pi_fault_4,,,525627.599,5248863.048,251,0,0,,,,,,,,,,,
pi_fault_4,,,525953.542,5249307.516,173,0,0,,,,,,,,,,,
pi_fault_4,,,526279.485,5249603.828,74,0,0,,,,,,,,,,,
pi_fault_4,,,524972,5247929,192,0,,,,0.83,-0.5,0,,,,,,
pi_fault_4,,,524972,5247929,192,1,0,,,,,,,,,,,
pi_fault_4,,,524972,5247929,192,1,,,,0,0,-1,,,,,,
pi_fault_5,,,517922.474,5253807.234,459,0,0,,,,,,,,,,,
pi_fault_5,,,518001.061,5254288.575,370,0,0,,,,,,,,,,,
pi_fault_5,,,518109.117,5254642.212,468,0,0,,,,,,,,,,,
pi_fault_5,,,518325.229,5255251.255,325,0,0,,,,,,,,,,,
pi_fault_5,,,518445.642,5255806.619,350,0,0,,,,,,,,,,,
pi_fault_5,,,518629.75,5256213.936,499,0,0,,,,,,,,,,,
pi_fault_5,,,518836.039,5256675.63,421,0,0,,,,,,,,,,,
pi_fault_5,,,519071.797,5257068.561,318,0,0,,,,,,,,,,,
pi_fault_5,,,519268.263,5257363.259,358,0,0,,,,,,,,,,,
pi_fault_5,,,519401.176,5257689.136,336,0,0,,,,,,,,,,,
pi_fault_5,,,518629.75,5256213.936,499,0,,,,0.9,-0.4,0,,,,,,
pi_fault_5,,,518629.75,5256213.936,499,1,0,,,,,,,,,,,
pi_fault_5,,,518629.75,5256213.936,499,1,,,,0,0,-1,,,,,,
pi_fault_6,,,534478.21,5255512.054,144,0,0,,,,,,,,,,,
pi_fault_6,,,534794.84,5256182.567,120,0,0,,,,,,,,,,,
pi_fault_6,,,535102.908,5256816.831,99,0,0,,,,,,,,,,,
pi_fault_6,,,535236.348,5257153.092,69,0,0,,,,,,,,,,,
pi_fault_6,,,534794.84,5256182.567,120,0,,,,0.89,-0.43,0,,,,,,
pi_fault_6,,,534794.84,5256182.567,120,1,0,,,,,,,,,,,
pi_fault_6,,,534794.84,5256182.567,120,1,,,,0,0,-1,,,,,,
pi_fault_7,,,529062.41,5253579.813,33,0,0,,,,,,,,,,,
pi_fault_7,,,529163.195,5253791.461,48,0,0,,,,,,,,,,,
pi_fault_7,,,529596.569,5254466.718,55,0,0,,,,,,,,,,,
pi_fault_7,,,530231.513,5255252.839,59,0,0,,,,,,,,,,,
pi_fault_7,,,530644.73,5255776.919,76,0,0,,,,,,,,,,,
pi_fault_7,,,531003.861,5256299.138,150,0,0,,,,,,,,,,,
pi_fault_7,,,531161.033,5257222.526,257,0,0,,,,,,,,,,,
pi_fault_7,,,531455.731,5258067.327,332,0,0,,,,,,,,,,,
pi_fault_7,,,531658.265,5258654.337,293,0,0,,,,,,,,,,,
pi_fault_7,,,531970.772,5259014.595,334,0,0,,,,,,,,,,,
pi_fault_7,,,532320.179,5259383.645,390,0,0,,,,,,,,,,,
pi_fault_7,,,531455.731,5258067.327,332,0,,,,0.97,-0.2,0,,,,,,
pi_fault_7,,,531455.731,5258067.327,332,1,0,,,,,,,,,,,
pi_fault_7,,,531455.731,5258067.327,332,1,,,,0,0,-1,,,,,,
pi_fault_8,,,535393.956,5248481.361,4,0,0,,,,,,,,,,,
pi_fault_8,,,534667.57,5248425.485,59,0,0,,,,,,,,,,,
pi_fault_8,,,534421.059,5248402.477,64,0,0,,,,,,,,,,,
pi_fault_8,,,535623.254,5248504.372,0,0,0,,,,,,,,,,,
pi_fault_8,,,536310.883,5248514.195,0,0,0,,,,,,,,,,,
pi_fault_8,,,536811.87,5248533.841,0,0,0,,,,,,,,,,,
pi_fault_8,,,537352.15,5248632.074,0,0,0,,,,,,,,,,,
pi_fault_8,,,537754.904,5248759.777,0,0,0,,,,,,,,,,,
pi_fault_8,,,538314.831,5248926.772,0,0,0,,,,,,,,,,,
pi_fault_8,,,538727.408,5249093.768,0,0,0,,,,,,,,,,,
pi_fault_8,,,539139.986,5249211.647,0,0,0,,,,,,,,,,,
pi_fault_8,,,539473.977,5249309.88,1,0,0,,,,,,,,,,,
pi_fault_8,,,539916.024,5249358.996,1,0,0,,,,,,,,,,,
pi_fault_8,,,537352.15,5248632.074,0,0,,,,0.43,-0.89,0,,,,,,
pi_fault_8,,,537352.15,5248632.074,0,1,0,,,,,,,,,,,
pi_fault_8,,,537352.15,5248632.074,0,1,,,,0,0,-1,,,,,,
pi_fault_9,,,513197.536,5258081.424,557,0,0,,,,,,,,,,,
pi_fault_9,,,514121.229,5258803.364,522,0,0,,,,,,,,,,,
pi_fault_9,,,514677.145,5259456.159,203,0,0,,,,,,,,,,,
pi_fault_9,,,515173.563,5260279.023,454,0,0,,,,,,,,,,,
pi_fault_9,,,515374.485,5261165.435,600,0,0,,,,,,,,,,,
pi_fault_9,,,515484.169,5261939.165,801,0,0,,,,,,,,,,,
pi_fault_9,,,515849.266,5262722.199,794,0,0,,,,,,,,,,,
pi_fault_9,,,515794.77,5262893.218,800,0,0,,,,,,,,,,,
pi_fault_9,,,515173.563,5260279.023,454,0,,,,0.9,-0.4,0,,,,,,
pi_fault_9,,,515173.563,5260279.023,454,1,0,,,,,,,,,,,
pi_fault_9,,,515173.563,5260279.023,454,1,,,,0,0,-1,,,,,,
Sill_a1,n/a,n/a,512127.07,5242841.953,463,,,,,,,,dyke,,,,,
Sill_a1,n/a,n/a,512927.478,5242980.959,407,,,,,,,,dyke,,,,,
Sill_a1,n/a,n/a,522922.357,5253787.827,144,,,,,,,,fault,,,,,
Sill_a1,n/a,n/a,525791.203,5254276.816,71,,,,,,,,fault,,,,,
Sill_a1,n/a,n/a,529504.616,5247615.794,7,,,,,,,,fault,,,,,
Sill_a1,n/a,n/a,529372.676,5248255.789,20,,,,,,,,fault,,,,,
Sill_a1,n/a,n/a,521552.162,5241393.802,177,,,,,,,,fault,,,,,
Sill_a1,n/a,n/a,513253.531,5241943.948,376,,,,,,,,fault,,,,,
Sill_a1,n/a,n/a,526560.511,5253156.309,25,,,,,,,,fault,,,,,
Sill_a1,n/a,n/a,516295.514,5242516.532,195,,,,,,,,fault,,,,,
Sill_a1,n/a,n/a,525480.184,5243865.817,20,,,,,,,,fault,,,,,
Sill_a1,n/a,n/a,517721.964,5244510.558,356,,,,,,,,fault,,,,,
Sill_a1,n/a,n/a,525387.057,5244844.819,60,,,,,,,,fault,,,,,
Sill_a1,n/a,n/a,524833.236,5250482.315,126,,,,,,,,fault,,,,,
Sill_a1,n/a,n/a,524401.061,5251091.816,117,,,,,,,,fault,,,,,
Sill_a1,n/a,n/a,524395.764,5251150.316,141,,,,,,,,fault,,,,,
Sill_a1,n/a,n/a,521388.891,5241894.807,143,,,,,,,,fault,,,,,
Sill_a1,n/a,n/a,520901.677,5241984.306,195,,,,,,,,fault,,,,,
Sill_a1,n/a,n/a,522070.845,5248121.816,379,,,,,,,,fault,,,,,
Sill_a1,n/a,n/a,517556.933,5244491.058,327,,,,,,,,fault,,,,,
Sill_a1,n/a,n/a,518814.244,5244850.553,411,,,,,,,,fault,,,,,
Sill_a1,Pua,Pua,525771.922,5242996.306,14,,,,,,,,floor,,Tasmanian Basin,,,
Sill_a1,Rqp,Rqp,524315.232,5252834.816,199,,,,,,,,floor,,Tasmanian Basin,,,
Sill_a1,Rqp,Rqp,524250.515,5253359.318,161,,,,,,,,floor,,Tasmanian Basin,,,
Sill_a1,Pum,Pum,528483.097,5246612.809,111,,,,,,,,floor,,Tasmanian Basin,,,
Sill_a1,Rvcq,Rv,520257.392,5259318.393,78,,,,,,,,floor,,Tasmanian Basin,,,
Sill_a1,Rqp,Rqp,515162.452,5243061.006,220,,,,,,,,floor,,Tasmanian Basin,,,
Sill_a1,Rqp,Rqp,514697.092,5241457.469,184,,,,,,,,floor,,Tasmanian Basin,,,
Sill_a1,Pch,Pch,526962.781,5242172.29,96,,,,,,,,floor,,Tasmanian Basin,,,
Sill_a1,Pch,Pch,526322.906,5242293.794,40,,,,,,,,floor,,Tasmanian Basin,,,
Sill_a1,Pch,Pch,526730.283,5242301.293,103,,,,,,,,floor,,Tasmanian Basin,,,
Sill_a1,Pch,Pch,527034.037,5242388.794,124,,,,,,,,floor,,Tasmanian Basin,,,
Sill_a1,Pch,Pch,527040.102,5242495.296,132,,,,,,,,floor,,Tasmanian Basin,,,
Sill_a1,Pua,Pua,525894.852,5242595.3,10,,,,,,,,floor,,Tasmanian Basin,,,
Sill_a1,Pch,Pch,526943.42,5242700.299,147,,,,,,,,floor,,Tasmanian Basin,,,
Sill_a1,Pua,Pua,525664.612,5243071.307,19,,,,,,,,floor,,Tasmanian Basin,,,
Sill_a1,Pch,Pch,527138.312,5243230.808,124,,,,,,,,floor,,Tasmanian Basin,,,
Sill_a1,Rqp,Rqp,515293.642,5243246.013,225,,,,,,,,floor,,Tasmanian Basin,,,
Sill_a1,Pch,Pch,527355.817,5243288.81,124,,,,,,,,floor,,Tasmanian Basin,,,
Sill_a1,Rqp,Rqp,515529.019,5243309.022,252,,,,,,,,floor,,Tasmanian Basin,,,
Sill_a1,Rqp,Rqp,515040.517,5243368.508,239,,,,,,,,floor,,Tasmanian Basin,,,
Sill_a1,Rqp,Rqp,515796.302,5243376.032,290,,,,,,,,floor,,Tasmanian Basin,,,
Sill_a1,Pua,Pua,527476.947,5243398.313,101,,,,,,,,floor,,Tasmanian Basin,,,
Sill_a1,Rqp,Rqp,516093.587,5243600.545,295,,,,,,,,floor,,Tasmanian Basin,,,
Sill_a1,Rqp,Rqp,517111.466,5244646.56,330,,,,,,,,floor,,Tasmanian Basin,,,
Sill_a1,Pum,Pum,528454.158,5246549.809,121,,,,,,,,floor,,Tasmanian Basin,,,
Sill_a1,R,Rqp,521868.13,5247238.818,329,,,,,,,,floor,,Tasmanian Basin,,,
Sill_a1,R,Rqp,521819.444,5247379.318,340,,,,,,,,floor,,Tasmanian Basin,,,
Sill_a1,R,Rqp,522272.996,5247648.818,302,,,,,,,,floor,,Tasmanian Basin,,,
Sill_a1,Pch,Pch,522272.59,5248356.315,340,,,,,,,,floor,,Tasmanian Basin,,,
Sill_a1,Rqp,Rqp,522819.454,5248430.816,387,,,,,,,,floor,,Tasmanian Basin,,,
Sill_a1,Rqp,Rqp,522976.232,5248504.816,364,,,,,,,,floor,,Tasmanian Basin,,,
Sill_a1,Pua,Pua,522529.803,5248560.315,278,,,,,,,,floor,,Tasmanian Basin,,,
Sill_a1,Rqp,Rqp,523926.84,5248770.814,254,,,,,,,,floor,,Tasmanian Basin,,,
Sill_a1,Rqp,Rqp,523785.997,5248782.315,308,,,,,,,,floor,,Tasmanian Basin,,,
Sill_a1,Rqp,Rqp,523442.847,5248818.315,260,,,,,,,,floor,,Tasmanian Basin,,,
Sill_a1,Rqp,Rqp,523252.163,5248854.815,286,,,,,,,,floor,,Tasmanian Basin,,,
Sill_a1,Rqp,Rqp,523191.383,5248869.315,305,,,,,,,,floor,,Tasmanian Basin,,,
Sill_a1,Rqp,Rqp,524468.302,5249408.812,227,,,,,,,,floor,,Tasmanian Basin,,,
Sill_a1,Rqp,Rqp,524672.613,5249601.311,211,,,,,,,,floor,,Tasmanian Basin,,,
Sill_a1,Rqp,Rqp,524747.988,5249797.812,143,,,,,,,,floor,,Tasmanian Basin,,,
Sill_a1,Rqp,Rqp,524242.515,5253503.319,151,,,,,,,,floor,,Tasmanian Basin,,,
Sill_a1,Pua,Pua,525725.673,5243042.307,17,,,,,,,,floor,,Tasmanian Basin,,,
Sill_a1,Pum,Pum,528618.288,5246563.309,92,,,,,,,,floor,,Tasmanian Basin,,,
Sill_a1,Pum,Pum,528900.294,5247480.301,182,,,,,,,,floor,,Tasmanian Basin,,,
Sill_a1,Rqp,Rqp,522593.02,5248413.316,353,,,,,,,,floor,,Tasmanian Basin,,,
Sill_a1,Rqp,Rqp,522783.579,5248495.816,356,,,,,,,,floor,,Tasmanian Basin,,,
Sill_a1,n/a,n/a,526575.383,5252533.309,20,,,,,,,,lateral,TRUE,,,,
Sill_a1,n/a,n/a,513172.823,5243130.465,342,,,,,,,,lateral,TRUE,,,,
Sill_a1,n/a,n/a,513209.547,5243707.975,460,,,,,,,,lateral,TRUE,,,,
Sill_a1,n/a,n/a,525858.968,5256850.842,17,,,,,,,,lateral,TRUE,,,,
Sill_a1,n/a,n/a,525806.094,5257366.844,36,,,,,,,,lateral,TRUE,,,,
Sill_a1,n/a,n/a,525901.842,5256686.84,12,,,,,,,,lateral,TRUE,,,,
Sill_a1,,synt point,512422.589,5250302.63,637,,,,,,,,lateral,TRUE,,,,
Sill_a1,Pua,Pua,526886.51,5240288.274,5,,,,,,,,roof,,Tasmanian Basin,,,
Sill_a1,Plnm,Pln-Pff,521999.617,5240487.794,119,,,,,,,,roof,,Tasmanian Basin,,,
Sill_a1,Plnm,Pln-Pff,521833.336,5240500.793,110,,,,,,,,roof,,Tasmanian Basin,,,
Sill_a1,Puc,Puo-Puc,521529.869,5240639.794,142,,,,,,,,roof,,Tasmanian Basin,,,
Sill_a1,Plnm,Pln-Pff,521874.65,5240668.295,114,,,,,,,,roof,,Tasmanian Basin,,,
Sill_a1,Plnm,Pln-Pff,521072.28,5240673.792,258,,,,,,,,roof,,Tasmanian Basin,,,
Sill_a1,Pua,Pua,526707.201,5240694.278,2,,,,,,,,roof,,Tasmanian Basin,,,
Sill_a1,Plnm,Pln-Pff,520550.665,5240758.288,247,,,,,,,,roof,,Tasmanian Basin,,,
Sill_a1,Puc,Puo-Puc,521590.559,5240827.796,147,,,,,,,,roof,,Tasmanian Basin,,,
Sill_a1,Plnm,Pln-Pff,522041.684,5240872.298,124,,,,,,,,roof,,Tasmanian Basin,,,
Sill_a1,Puom,Puo-Puc,518723.093,5241343.034,239,,,,,,,,roof,,Tasmanian Basin,,,
Sill_a1,Pucm,Puo-Puc,520704.421,5241429.298,286,,,,,,,,roof,,Tasmanian Basin,,,
Sill_a1,Puom,Puo-Puc,517864.565,5241510.53,224,,,,,,,,roof,,Tasmanian Basin,,,
Sill_a1,Pucm,Puo-Puc,520635.113,5241753.302,285,,,,,,,,roof,,Tasmanian Basin,,,
Sill_a1,Pucm,Puo-Puc,520167.525,5242172.305,280,,,,,,,,roof,,Tasmanian Basin,,,
Sill_a1,Puom,Puo-Puc,516770.326,5242527.039,227,,,,,,,,roof,,Tasmanian Basin,,,
Sill_a1,Plnm,Pln-Pff,521911.796,5242532.313,169,,,,,,,,roof,,Tasmanian Basin,,,
Sill_a1,Plnm,Pln-Pff,522105.543,5242614.814,135,,,,,,,,roof,,Tasmanian Basin,,,
Sill_a1,Plnm,Pln-Pff,521664.582,5242694.314,160,,,,,,,,roof,,Tasmanian Basin,,,
Sill_a1,Plnm,Pln-Pff,521962.985,5242766.315,150,,,,,,,,roof,,Tasmanian Basin,,,
Sill_a1,Plnm,Pln-Pff,522196.639,5242966.817,135,,,,,,,,roof,,Tasmanian Basin,,,
Sill_a1,Plnm,Pln-Pff,522145.674,5243208.818,153,,,,,,,,roof,,Tasmanian Basin,,,
Sill_a1,Plnm,Pln-Pff,522042.458,5243399.819,172,,,,,,,,roof,,Tasmanian Basin,,,
Sill_a1,Plnm,Pln-Pff,521864.337,5243550.32,184,,,,,,,,roof,,Tasmanian Basin,,,
Sill_a1,Plnm,Puo-Puc,520964.941,5243648.316,207,,,,,,,,roof,,Tasmanian Basin,,,
Sill_a1,Plnm,Pln-Pff,521845.495,5243732.321,154,,,,,,,,roof,,Tasmanian Basin,,,
Sill_a1,Plnm,Puo-Puc,520911.599,5243817.316,177,,,,,,,,roof,,Tasmanian Basin,,,
Sill_a1,Plnm,Puo-Puc,521112.816,5243847.317,193,,,,,,,,roof,,Tasmanian Basin,,,
Sill_a1,Plnm,Pln-Pff,521306.503,5243967.819,156,,,,,,,,roof,,Tasmanian Basin,,,
Sill_a1,Plnm,Pln-Pff,521510.625,5243979.32,137,,,,,,,,roof,,Tasmanian Basin,,,
Sill_a1,Plnm,Pln-Pff,521583.313,5244164.82,153,,,,,,,,roof,,Tasmanian Basin,,,
Sill_a1,Plnm,Pln-Pff,521425.347,5244346.32,174,,,,,,,,roof,,Tasmanian Basin,,,
Sill_a1,Plnm,Pln-Pff,521721.686,5244367.321,144,,,,,,,,roof,,Tasmanian Basin,,,
Sill_a1,Pua,Pua,523576.536,5244938.327,210,,,,,,,,roof,,Tasmanian Basin,,,
Sill_a1,Pua,Pua,523686.034,5244994.327,219,,,,,,,,roof,,Tasmanian Basin,,,
Sill_a1,Plnm,Pln-Pff,521897.308,5244134.322,122,,,,,,,,roof,,Tasmanian Basin,,,
Sill_a1,Puom,Puo-Puc,518971.369,5240883.527,264,,,,,,,,roof,,Tasmanian Basin,,,
Sill_a1,Puom,Puo-Puc,518922.282,5241553.54,246,,,,,,,,roof,,Tasmanian Basin,,,
Sill_a1,Pucm,Puo-Puc,519600.901,5241585.046,267,,,,,,,,roof,,Tasmanian Basin,,,
Sill_a1,Puom,Puo-Puc,518860.882,5242214.551,267,,,,,,,,roof,,Tasmanian Basin,,,
Sill_a1,Puom,Puo-Puc,517867.919,5242589.547,250,,,,,,,,roof,,Tasmanian Basin,,,
Sill_a1,Puom,Puo-Puc,516668.204,5242704.041,241,,,,,,,,roof,,Tasmanian Basin,,,
Sill_a1,Puom,Puo-Puc,517988.64,5242910.049,260,,,,,,,,roof,,Tasmanian Basin,,,
Sill_a1,Puom,Puo-Puc,519492.289,5243057.056,286,,,,,,,,roof,,Tasmanian Basin,,,
Sill_a1,,synt point,514788.145,5246781.458,970,,,,,,,,roof,,Tasmanian Basin,,,
Sill_a1,,synt point,514096.75,5247991.398,1060,,,,,,,,roof,,Tasmanian Basin,,,
Sill_a1,,synt point,516427.736,5250396.462,1260,,,,,,,,roof,,Tasmanian Basin,,,
Sill_a1,,synt point,516852.45,5250998.962,1244,,,,,,,,roof,,Tasmanian Basin,,,
Sill_a1,Pff,Pln-Pff,521517.128,5244743.321,192,,,,,,,,unknown,,Tasmanian Basin,,,
Sill_a1,Pff,Pln-Pff,521179.006,5244441.819,198,,,,,,,,unknown,,Tasmanian Basin,,,
Sill_a1,n/a,n/a,522989.576,5244228.325,216,,,,,,,,unknown,,,,,
Sill_a1,n/a,n/a,523234.854,5244232.326,186,,,,,,,,unknown,,,,,
Sill_a1,Puom,Puo-Puc,519278.239,5244487.056,336,,,,,,,,unknown,,,,,
Sill_a1,n/a,n/a,522407.521,5244597.324,217,,,,,,,,unknown,,,,,
Sill_a1,n/a,n/a,524749.998,5245026.323,174,,,,,,,,unknown,,,,,
Sill_a1,n/a,n/a,525142.183,5245203.822,129,,,,,,,,unknown,,,,,
Sill_a1,n/a,n/a,517302.001,5245948.063,488,,,,,,,,unknown,,,,,
Sill_a1,n/a,n/a,516887.597,5246134.566,380,,,,,,,,unknown,,,,,
Sill_a1,n/a,n/a,516521.286,5246247.068,410,,,,,,,,unknown,,,,,
Sill_a1,n/a,n/a,525040.738,5247401.308,190,,,,,,,,unknown,,,,,
Sill_a1,n/a,n/a,525288.426,5247562.306,226,,,,,,,,unknown,,,,,
Sill_a1,n/a,n/a,525413.864,5247706.805,240,,,,,,,,unknown,,,,,
Sill_a1,n/a,n/a,525457.364,5247978.804,247,,,,,,,,unknown,,,,,
Sill_a1,n/a,n/a,525005.988,5248753.303,283,,,,,,,,unknown,,,,,
Sill_a1,n/a,n/a,525101.801,5248913.804,248,,,,,,,,unknown,,,,,
Sill_a1,n/a,n/a,525136.739,5249165.305,242,,,,,,,,unknown,,,,,
Sill_a1,Puom,Puo-Puc,519910.486,5244609.061,349,,,,,,,,unknown,,,,,
Sill_a1,n/a,n/a,516162.85,5246791.063,610,,,,,,,,unknown,,,,,
Sill_a1,,synt point,521676.7214,5245339.822,161,,,,,,,,unknown,,,,,
Sill_a1_frame,,,516563,5242900,219,1,,104.1,,-0.97,0.24,0,,,,,,
Sill_a1_frame,,,525033,5257611,28,1,,115,,-0.91,0.42,0,,,,,,
Sill_a1_frame,,,524580,5258793,32,1,,118.4,,-0.88,0.48,0,,,,,,
Sill_a1_frame,,,526370,5254237,115,1,,126.3,,-0.81,0.59,0,,,,,,
Sill_a1_frame,,,519037,5249616,1261,1,,126.3,,-0.81,0.59,0,,,,,,
Sill_a1_frame,,,519236,5250594,1264,1,,129.7,,-0.77,0.64,0,,,,,,
Sill_a1_frame,,,519422,5250241,1071,1,,137.9,,-0.67,0.74,0,,,,,,
Sill_a1_frame,,,525712,5254548,95,1,,147.5,,-0.54,0.84,0,,,,,,
Sill_a1_frame,,,528023,5247416,346,1,,174.5,,-0.1,1,0,,,,,,
Sill_a1_frame,,,519299,5251383,1001,1,,181.9,,0.03,1,0,,,,,,
Sill_a1_frame,,,525517,5247416,48,1,,262.9,,0.99,0.12,0,,,,,,
Sill_a1_frame,,,518856,5248409,1155,1,,275.9,,-0.99,0.1,0,,,,,,
Sill_a1_frame,,,519592,5245707,483,1,0,306.7,,,,,,,,,,
Sill_a1_frame,,,524972,5247929,203,1,,311.6,,-0.75,0.66,0,,,,,,
Sill_a1_frame,,,512222,5252891,1111,1,,318.9,,-0.66,0.75,0,,,,,,
Sill_a1_frame,,,527226,5253291,34,1,,339.1,,-0.36,0.93,0,,,,,,
Sill_a1_frame,,,519592,5245707,483,1,,306.7,,-0.8,0.6,0,,,,,,
Sill_a1_frame,,,523917.2602,5247238.639,336,2,,,,0.94,0.29,0,,,,,,
Sill_a1_frame,,,522080.4593,5250946.256,256,2,,,,0.94,0.29,0,,,,,,
Sill_a1_frame,,,518712.991,5257681.193,521,2,,,,0.94,0.29,0,,,,,,
Sill_a1_frame,,,524890.6437,5245112.262,176,2,0,,,,,,,,,,,
Sill_a1_frame,,,522624.6966,5249925.811,190,2,0,,,,,,,,,,,
Sill_a1_frame,,,518372.0202,5258569.379,375,2,0,,,,,,,,,,,
Sill_a1_frame,,,519733.436,5255640.303,250,2,0,,,,,,,,,,,
Sill_a1_frame,,,520345.7029,5254347.739,189,2,,,,0.94,0.29,0,,,,,,
Sill_a2,Puom,Puo-Puc,516668.204,5242704.041,241,,,,,,,,roof,,Tasmanian Basin,,,
Sill_a2,Puom,Puo-Puc,516770.326,5242527.039,227,,,,,,,,roof,,Tasmanian Basin,,,
Sill_a2,Puom,Puo-Puc,517864.565,5241510.53,224,,,,,,,,roof,,Tasmanian Basin,,,
Sill_a2,Puom,Puo-Puc,517867.919,5242589.547,250,,,,,,,,roof,,Tasmanian Basin,,,
Sill_a2,Puom,Puo-Puc,517988.64,5242910.049,260,,,,,,,,roof,,Tasmanian Basin,,,
Sill_a2,Puom,Puo-Puc,518723.093,5241343.034,239,,,,,,,,roof,,Tasmanian Basin,,,
Sill_a2,Puom,Puo-Puc,518860.882,5242214.551,267,,,,,,,,roof,,Tasmanian Basin,,,
Sill_a2,Puom,Puo-Puc,518922.282,5241553.54,246,,,,,,,,roof,,Tasmanian Basin,,,
Sill_a2,Puom,Puo-Puc,518971.369,5240883.527,264,,,,,,,,roof,,Tasmanian Basin,,,
Sill_a2,Puom,Puo-Puc,519278.239,5244487.056,336,,,,,,,,unknown,,,,,
Sill_a2,Puom,Puo-Puc,519492.289,5243057.056,286,,,,,,,,roof,,Tasmanian Basin,,,
Sill_a2,Pucm,Puo-Puc,519600.901,5241585.046,267,,,,,,,,roof,,Tasmanian Basin,,,
Sill_a2,Puom,Puo-Puc,519910.486,5244609.061,349,,,,,,,,unknown,,,,,
Sill_a2,Pucm,Puo-Puc,520167.525,5242172.305,280,,,,,,,,roof,,Tasmanian Basin,,,
Sill_a2,Plnm,Pln-Pff,520550.665,5240758.288,247,,,,,,,,roof,,Tasmanian Basin,,,
Sill_a2,Pucm,Puo-Puc,520635.113,5241753.302,285,,,,,,,,roof,,Tasmanian Basin,,,
Sill_a2,Pucm,Puo-Puc,520704.421,5241429.298,286,,,,,,,,roof,,Tasmanian Basin,,,
Sill_a2,n/a,n/a,520901.677,5241984.306,195,,,,,,,,fault,,,,,
Sill_a2,Plnm,Puo-Puc,520911.599,5243817.316,177,,,,,,,,roof,,Tasmanian Basin,,,
Sill_a2,Plnm,Puo-Puc,520964.941,5243648.316,207,,,,,,,,roof,,Tasmanian Basin,,,
Sill_a2,Plnm,Pln-Pff,521072.28,5240673.792,258,,,,,,,,roof,,Tasmanian Basin,,,
Sill_a2,Plnm,Puo-Puc,521112.816,5243847.317,193,,,,,,,,roof,,Tasmanian Basin,,,
Sill_a2,Pff,Pln-Pff,521179.006,5244441.819,198,,,,,,,,unknown,,Tasmanian Basin,,,
Sill_a2,Plnm,Pln-Pff,521306.503,5243967.819,156,,,,,,,,roof,,Tasmanian Basin,,,
Sill_a2,n/a,n/a,521388.891,5241894.807,143,,,,,,,,fault,,,,,
Sill_a2,Plnm,Pln-Pff,521425.347,5244346.32,174,,,,,,,,roof,,Tasmanian Basin,,,
Sill_a2,Plnm,Pln-Pff,521510.625,5243979.32,137,,,,,,,,roof,,Tasmanian Basin,,,
Sill_a2,Pff,Pln-Pff,521517.128,5244743.321,192,,,,,,,,unknown,,Tasmanian Basin,,,
Sill_a2,Puc,Puo-Puc,521529.869,5240639.794,142,,,,,,,,roof,,Tasmanian Basin,,,
Sill_a2,n/a,n/a,521552.162,5241393.802,177,,,,,,,,fault,,,,,
Sill_a2,Plnm,Pln-Pff,521583.313,5244164.82,153,,,,,,,,roof,,Tasmanian Basin,,,
Sill_a2,Puc,Puo-Puc,521590.559,5240827.796,147,,,,,,,,roof,,Tasmanian Basin,,,
Sill_a2,Plnm,Pln-Pff,521664.582,5242694.314,160,,,,,,,,roof,,Tasmanian Basin,,,
Sill_a2,,synt point,521676.7214,5245339.822,161,,,,,,,,unknown,,,,,
Sill_a2,Plnm,Pln-Pff,521721.686,5244367.321,144,,,,,,,,roof,,Tasmanian Basin,,,
Sill_a2,Plnm,Pln-Pff,521833.336,5240500.793,110,,,,,,,,roof,,Tasmanian Basin,,,
Sill_a2,Plnm,Pln-Pff,521845.495,5243732.321,154,,,,,,,,roof,,Tasmanian Basin,,,
Sill_a2,Plnm,Pln-Pff,521864.337,5243550.32,184,,,,,,,,roof,,Tasmanian Basin,,,
Sill_a2,Plnm,Pln-Pff,521874.65,5240668.295,114,,,,,,,,roof,,Tasmanian Basin,,,
Sill_a2,Plnm,Pln-Pff,521897.308,5244134.322,122,,,,,,,,roof,,Tasmanian Basin,,,
Sill_a2,Plnm,Pln-Pff,521911.796,5242532.313,169,,,,,,,,roof,,Tasmanian Basin,,,
Sill_a2,Plnm,Pln-Pff,521962.985,5242766.315,150,,,,,,,,roof,,Tasmanian Basin,,,
Sill_a2,Plnm,Pln-Pff,521999.617,5240487.794,119,,,,,,,,roof,,Tasmanian Basin,,,
Sill_a2,Plnm,Pln-Pff,522041.684,5240872.298,124,,,,,,,,roof,,Tasmanian Basin,,,
Sill_a2,Plnm,Pln-Pff,522042.458,5243399.819,172,,,,,,,,roof,,Tasmanian Basin,,,
Sill_a2,Plnm,Pln-Pff,522105.543,5242614.814,135,,,,,,,,roof,,Tasmanian Basin,,,
Sill_a2,Plnm,Pln-Pff,522145.674,5243208.818,153,,,,,,,,roof,,Tasmanian Basin,,,
Sill_a2,Plnm,Pln-Pff,522196.639,5242966.817,135,,,,,,,,roof,,Tasmanian Basin,,,
Sill_a2,n/a,n/a,522407.521,5244597.324,217,,,,,,,,unknown,,,,,
Sill_a2,n/a,n/a,522989.576,5244228.325,216,,,,,,,,unknown,,,,,
Sill_a2,n/a,n/a,523234.854,5244232.326,186,,,,,,,,unknown,,,,,
Sill_a2,Pua,Pua,523576.536,5244938.327,210,,,,,,,,roof,,Tasmanian Basin,,,
Sill_a2,Pua,Pua,523686.034,5244994.327,219,,,,,,,,roof,,Tasmanian Basin,,,
Sill_a2,n/a,n/a,524749.998,5245026.323,174,,,,,,,,unknown,,,,,
Sill_a2,n/a,n/a,525040.738,5247401.308,190,,,,,,,,unknown,,,,,
Sill_a2,n/a,n/a,525142.183,5245203.822,129,,,,,,,,unknown,,,,,
Sill_a2,n/a,n/a,525288.426,5247562.306,226,,,,,,,,unknown,,,,,
Sill_a2,n/a,n/a,525387.057,5244844.819,60,,,,,,,,fault,,,,,
Sill_a2,n/a,n/a,525413.864,5247706.805,240,,,,,,,,unknown,,,,,
Sill_a2,n/a,n/a,525457.364,5247978.804,247,,,,,,,,unknown,,,,,
Sill_a2,n/a,n/a,525480.184,5243865.817,20,,,,,,,,fault,,,,,
Sill_a2,Pua,Pua,525664.612,5243071.307,19,,,,,,,,floor? (upper levels),,Tasmanian Basin,,,
Sill_a2,Pua,Pua,525725.673,5243042.307,17,,,,,,,,floor? (upper levels),,Tasmanian Basin,,,
Sill_a2,Pua,Pua,525771.922,5242996.306,14,,,,,,,,floor? (upper levels),,Tasmanian Basin,,,
Sill_a2,Pua,Pua,525894.852,5242595.3,10,,,,,,,,floor? (upper levels),,Tasmanian Basin,,,
Sill_a2,Pch,Pch,526322.906,5242293.794,40,,,,,,,,floor? (upper levels),,Tasmanian Basin,,,
Sill_a2,Pua,Pua,526707.201,5240694.278,2,,,,,,,,roof,,Tasmanian Basin,,,
Sill_a2,Pch,Pch,526730.283,5242301.293,103,,,,,,,,floor? (upper levels),,Tasmanian Basin,,,
Sill_a2,Pua,Pua,526886.51,5240288.274,5,,,,,,,,roof,,Tasmanian Basin,,,
Sill_a2,Pch,Pch,526943.42,5242700.299,147,,,,,,,,floor? (upper levels),,Tasmanian Basin,,,
Sill_a2,Pch,Pch,526962.781,5242172.29,96,,,,,,,,floor? (upper levels),,Tasmanian Basin,,,
Sill_a2,Pch,Pch,527034.037,5242388.794,124,,,,,,,,floor? (upper levels),,Tasmanian Basin,,,
Sill_a2,Pch,Pch,527040.102,5242495.296,132,,,,,,,,floor? (upper levels),,Tasmanian Basin,,,
Sill_a2,Pch,Pch,527138.312,5243230.808,124,,,,,,,,floor? (upper levels),,Tasmanian Basin,,,
Sill_a2,Pch,Pch,527355.817,5243288.81,124,,,,,,,,floor? (upper levels),,Tasmanian Basin,,,
Sill_a2,Pua,Pua,527476.947,5243398.313,101,,,,,,,,floor? (upper levels),,Tasmanian Basin,,,
Sill_a2,Pum,Pum,528454.158,5246549.809,121,,,,,,,,floor? (upper levels),,Tasmanian Basin,,,
Sill_a2,Pum,Pum,528483.097,5246612.809,111,,,,,,,,floor? (upper levels),,Tasmanian Basin,,,
Sill_a2,Pum,Pum,528618.288,5246563.309,92,,,,,,,,floor? (upper levels),,Tasmanian Basin,,,
Sill_a2,Pum,Pum,528900.294,5247480.301,182,,,,,,,,floor? (upper levels),,Tasmanian Basin,,,
Sill_a2,n/a,n/a,529372.676,5248255.789,20,,,,,,,,fault,,,,,
Sill_a2,n/a,n/a,529504.616,5247615.794,7,,,,,,,,fault,,,,,
Sill_a2,n/a,n/a,517431.346,5254224.608,448,,,,,,,,fault,,,,,
Sill_a2,Pch,Pch,517532.653,5257764.656,525,,,,,,,,floor,,Tasmanian Basin,,,
Sill_a2,Pua,Pua,517633.151,5255114.116,561,,,,,,,,floor? (upper levels),,Tasmanian Basin,,,
Sill_a2,Pua,Pua,517654.721,5253428.096,449,,,,,,,,floor? (upper levels),,Tasmanian Basin,,,
Sill_a2,Pua,Pua,517688.131,5253422.596,461,,,,,,,,floor? (upper levels),,Tasmanian Basin,,,
Sill_a2,Puc,Puo-Puc,517996.942,5258082.654,466,,,,,,,,floor,,Tasmanian Basin,,,
Sill_a2,n/a,n/a,518246.086,5255401.616,403,,,,,,,,unknown,,,,,
Sill_a2,n/a,n/a,518378.908,5253564.588,390,,,,,,,,unknown,,,,,
Sill_a2,n/a,n/a,518681.23,5255914.618,412,,,,,,,,unknown,,,,,
Sill_a2,Pff,Pln-Pff,518873.859,5255954.617,407,,,,,,,,roof,,Tasmanian Basin,,,
Sill_a2,n/a,n/a,518896.545,5256577.122,427,,,,,,,,unknown,,,,,
Sill_a2,Pff,Pln-Pff,519356.572,5256885.127,381,,,,,,,,roof,,Tasmanian Basin,,,
Sill_a2,n/a,n/a,519694.659,5254929.104,176,,,,,,,,unknown,,,,,
Sill_a2,n/a,n/a,520439.03,5256309.867,126,,,,,,,,unknown,,,,,
Sill_a2,n/a,n/a,520992.677,5253085.325,225,,,,,,,,fault,,,,,
Sill_a2,Puc,Puo-Puc,521170.232,5253448.582,248,,,,,,,,roof,,Tasmanian Basin,,,
Sill_a2,Puc,Puo-Puc,521467.788,5253568.082,241,,,,,,,,roof,,Tasmanian Basin,,,
Sill_a2,Puc,Puo-Puc,522120.126,5252626.074,288,,,,,,,,roof,,Tasmanian Basin,,,
Sill_a2,Pln,Pln-Pff,522383.364,5253164.013,222,,,,,,,,roof,,Tasmanian Basin,,,
Sill_a2,n/a,n/a,522623.893,5253325.825,131,,,,,,,,lateral,TRUE,,,,
Sill_a2_frame,,,516780.5701,5253689.406,1249,2,,,,0.94,0.29,0,,,,,,
Sill_a2_frame,,,513505,5257041,496,1,,142.8,,-0.6,0.8,0,,,,,,
Sill_a2_frame,,,519413,5255144,334,1,,293.8,,-0.91,0.4,0,,,,,,
Sill_a2_frame,,,516563,5242900,219,1,,104.1,,-0.97,0.24,0,,,,,,
Sill_a2_frame,,,528023,5247416,346,1,,174.5,,-0.1,1,0,,,,,,
Sill_a2_frame,,,525517,5247416,48,1,,262.9,,0.99,0.12,0,,,,,,
Sill_a2_frame,,,519592,5245707,483,1,0,306.7,,,,,,,,,,
Sill_a2_frame,,,519592,5245707,483,1,,306.7,,-0.8,0.6,0,,,,,,
Sill_a2_frame,,,521298.1182,5248633.248,438,2,,,,0.94,0.29,0,,,,,,
Sill_a2_frame,,,517561.9824,5255989.62,592,2,,,,0.94,0.29,0,,,,,,
Sill_a2_frame,,,515884.6857,5259168.891,353,2,,,,0.94,0.29,0,,,,,,
Sill_a2_frame,,,523517.4942,5244373.801,100,2,,,,0.94,0.29,0,,,,,,
Sill_a2_frame,,,520370.6573,5250411.6,635,2,0,,,,,,,,,,,
Sill_a2_frame,,,518917.08,5253497.368,521,2,0,,,,,,,,,,,
Sill_a2_frame,,,516706.116,5257681.193,385,2,0,,,,,,,,,,,
Sill_a2_frame,,,522140.869,5244780.576,165,2,0,,,,,,,,,,,
Sill_a3,n/a,n/a,531929.654,5259755.854,218,,,,,,,,unknown,,,,,
Sill_a3,n/a,n/a,532517.341,5259020.342,202,,,,,,,,unknown,,,,,
Sill_a3,n/a,n/a,532622.967,5258962.341,210,,,,,,,,unknown,,,,,
Sill_a3,n/a,n/a,532731.03,5258829.339,166,,,,,,,,unknown,,,,,
Sill_a3,n/a,n/a,533834.478,5258482.34,90,,,,,,,,unknown,,,,,
Sill_a3,Pch,Pch,533849.668,5258700.341,149,,,,,,,,floor,,Tasmanian Basin,,,
Sill_a3,Pch,Pch,533985.607,5258878.844,169,,,,,,,,floor,,Tasmanian Basin,,,
Sill_a3,Pch,Pch,534010.792,5258503.841,80,,,,,,,,floor,,Tasmanian Basin,,,
Sill_a3,n/a,n/a,534162.175,5259325.351,105,,,,,,,,fault,,,,,
Sill_a3,n/a,n/a,534167.737,5259249.85,109,,,,,,,,fault,,,,,
Sill_a3,n/a,n/a,534569.359,5258523.346,99,,,,,,,,unknown,,,,,
Sill_a3,Rqp,Rqp,534677.748,5259952.86,104,,,,,,,,floor,,Tasmanian Basin,,,
Sill_a3,Rqp,Rqp,534703.996,5259685.357,76,,,,,,,,floor,,Tasmanian Basin,,,
Sill_a3,Rqp,Rqp,534716.623,5259838.859,100,,,,,,,,floor,,Tasmanian Basin,,,
Sill_a3,Rqp,Rqp,534778.429,5259104.352,65,,,,,,,,floor,,Tasmanian Basin,,,
Sill_a3,Rqp,Rqp,534851.306,5259279.854,60,,,,,,,,floor,,Tasmanian Basin,,,
Sill_a3,n/a,n/a,535636.796,5254543.279,140,,,,,,,,lateral,,,,,
Sill_a3,n/a,n/a,535679.994,5254087.273,152,,,,,,,,lateral,,,,,
Sill_a3,n/a,n/a,535690.051,5254357.776,131,,,,,,,,lateral,,,,,
Sill_a3,n/a,n/a,535702.864,5254325.776,138,,,,,,,,lateral,,,,,
Sill_a3,n/a,n/a,535721.688,5253804.768,138,,,,,,,,lateral,,,,,
Sill_a3,n/a,n/a,535721.939,5253764.268,138,,,,,,,,lateral,,,,,
Sill_a3,n/a,n/a,535864.326,5252630.767,76,,,,,,,,lateral,,,,,
Sill_a3,Pua,Pua,537489.109,5254246.255,275,,,,,,,,floor,,Tasmanian Basin,,,
Sill_a3,Pua,Pua,538141.316,5251814.203,171,,,,,,,,floor,,Tasmanian Basin,,,
Sill_a3,Pua,Pua,538266.253,5251546.705,223,,,,,,,,floor,,Tasmanian Basin,,,
Sill_a3,Pua,Pua,538287.936,5251134.211,229,,,,,,,,floor,,Tasmanian Basin,,,
Sill_a3,Puo,Puo-Puc,538527.629,5247796.266,32,,,,,,,,roof,,Tasmanian Basin,,,
Sill_a3,Puo,Puo-Puc,538786.067,5247618.764,92,,,,,,,,roof,,Tasmanian Basin,,,
Sill_a3,Puo,Puo-Puc,538811.248,5246558.763,56,,,,,,,,roof,,Tasmanian Basin,,,
Sill_a3,Puo,Puo-Puc,539008.877,5246896.763,82,,,,,,,,roof,,Tasmanian Basin,,,
Sill_a3_frame,,,528647,5254644,4,1,,100.5,,-0.98,0.18,0,,,,,,
Sill_a3_frame,,,528779,5252940,5,1,,100.9,,-0.98,0.19,0,,,,,,
Sill_a3_frame,,,532980,5251400,4,1,,168.2,,-0.2,0.98,0,,,,,,
Sill_a3_frame,,,533427,5248162,0,1,0,188.7,,,,,,,,,,
Sill_a3_frame,,,533427,5248162,0,1,,188.7,,0.15,0.99,0,,,,,,
Sill_a3_frame,,,523143,5261081,8,1,,318.7,,-0.66,0.75,0,,,,,,
Sill_a3_frame,,,539124.0352,5249320.216,0,2,0,,,,,,,,,,,
Sill_a3_frame,,,537699.1918,5252275.726,229,2,0,,,,,,,,,,,
Sill_a3_frame,,,536973.5421,5253757.261,242,2,0,,,,,,,,,,,
Sill_a3_frame,,,536323.4808,5255223.679,268,2,0,,,,,,,,,,,
Sill_a3_frame,,,535643.1842,5256584.272,153,2,0,,,,,,,,,,,
Sill_a3_frame,,,534584.945,5258670.515,93,2,0,,,,,,,,,,,
Sill_a3_frame,,,533934.8838,5260015.99,160,2,0,,,,,,,,,,,
Sill_a3_frame,,,532211.4657,5263568.65,164,2,0,,,,,,,,,,,
Sill_a3_frame,,,539124.0352,5249320.216,0,2,,,,0.94,0.29,0,,,,,,
Sill_a3_frame,,,537699.1918,5252275.726,229,2,,,,0.94,0.29,0,,,,,,
Sill_a3_frame,,,536973.5421,5253757.261,242,2,,,,0.94,0.29,0,,,,,,
Sill_a3_frame,,,536323.4808,5255223.679,268,2,,,,0.94,0.29,0,,,,,,
Sill_a3_frame,,,535643.1842,5256584.272,153,2,,,,0.94,0.29,0,,,,,,
Sill_a3_frame,,,534584.945,5258670.515,93,2,,,,0.94,0.29,0,,,,,,
Sill_a3_frame,,,533934.8838,5260015.99,160,2,,,,0.94,0.29,0,,,,,,
Sill_a3_frame,,,532211.4657,5263568.65,164,2,,,,0.94,0.29,0,,,,,,
Sill_a4,Puo,Puo-Puc,538527.629,5247796.266,32,,,,,,,,roof,,Tasmanian Basin,,,
Sill_a4,Puo,Puo-Puc,538786.067,5247618.764,92,,,,,,,,roof,,Tasmanian Basin,,,
Sill_a4,Puo,Puo-Puc,538811.248,5246558.763,56,,,,,,,,roof,,Tasmanian Basin,,,
Sill_a4,Puo,Puo-Puc,539008.877,5246896.763,82,,,,,,,,roof,,Tasmanian Basin,,,
Sill_a4,n/a,n/a,530928.995,5257421.827,173,,,,,,,,step,,,,,
Sill_a4,n/a,n/a,531010.628,5258127.334,136,,,,,,,,step,,,,,
Sill_a4,n/a,n/a,531301.747,5255809.804,80,,,,,,,,step,,,,,
Sill_a4,n/a,n/a,531355.823,5258510.337,260,,,,,,,,step,,,,,
Sill_a4,n/a,n/a,531405.824,5258577.337,279,,,,,,,,step,,,,,
Sill_a4,n/a,n/a,531476.69,5257349.324,310,,,,,,,,step,,,,,
Sill_a4,n/a,n/a,531515.438,5256419.813,120,,,,,,,,step,,,,,
Sill_a4,n/a,n/a,531526.125,5255693.803,88,,,,,,,,step,,,,,
Sill_a4,n/a,n/a,531541.253,5257339.824,293,,,,,,,,step,,,,,
Sill_a4,n/a,n/a,531658.265,5258654.337,293,,,,,,,,step,,,,,
Sill_a4,n/a,n/a,531676.815,5255714.805,70,,,,,,,,step,,,,,
Sill_a4,n/a,n/a,531929.654,5259755.854,218,,,,,,,,step,,,,,
Sill_a4,n/a,n/a,532381.401,5258912.34,197,,,,,,,,step,,,,,
Sill_a4,Rv,Rv,525614.831,5260168.831,48,,,,,,,,step,,Tasmanian Basin,,,
Sill_a4,Rv,Rv,525714.143,5260174.831,50,,,,,,,,step,,Tasmanian Basin,,,
Sill_a4,synthetic point,synthetic point,525191.9451,5261587.041,440,,,,,,,,roof,,,,,
Sill_a4_frame,,,528647,5254644,4,1,,100.5,,-0.98,0.18,0,,,,,,
Sill_a4_frame,,,528779,5252940,5,1,,100.9,,-0.98,0.19,0,,,,,,
Sill_a4_frame,,,532980,5251400,4,1,,168.2,,-0.2,0.98,0,,,,,,
Sill_a4_frame,,,533427,5248162,0,1,0,188.7,,,,,,,,,,
Sill_a4_frame,,,533427,5248162,0,1,,188.7,,0.15,0.99,0,,,,,,
Sill_a4_frame,,,523143,5261081,8,1,,318.7,,-0.66,0.75,0,,,,,,
Sill_a4_frame,,,527575.3703,5262398.918,282,2,0,,,,,,,,,,,
Sill_a4_frame,,,528542.9032,5260907.305,42,2,0,,,,,,,,,,,
Sill_a4_frame,,,530195.772,5258448.158,143,2,0,,,,,,,,,,,
Sill_a4_frame,,,533461.1958,5253731.435,184,2,0,,,,,,,,,,,
Sill_a4_frame,,,535960.656,5250062.873,10,2,0,,,,,,,,,,,
Sill_a4_frame,,,538016.6635,5246878.077,27,2,0,,,,,,,,,,,
Sill_a4_frame,,,527575.3703,5262398.918,282,2,,,,0.85,0.49,0,,,,,,
Sill_a4_frame,,,528542.9032,5260907.305,42,2,,,,0.85,0.49,0,,,,,,
Sill_a4_frame,,,530195.772,5258448.158,143,2,,,,0.85,0.49,0,,,,,,
Sill_a4_frame,,,533461.1958,5253731.435,184,2,,,,0.85,0.49,0,,,,,,
Sill_a4_frame,,,535960.656,5250062.873,10,2,,,,0.85,0.49,0,,,,,,
Sill_a4_frame,,,538016.6635,5246878.077,27,2,,,,0.85,0.49,0,,,,,,
Sill_a4b_frame,,,522891.4021,5263437,4,2,0,,,,,,,,,,,
Sill_a4b_frame,,,524786.1541,5259768.438,0,2,0,,,,,,,,,,,
Sill_a4b_frame,,,526680.9062,5255978.934,2,2,0,,,,,,,,,,,
Sill_a4b_frame,,,528696.5999,5252068.488,0,2,0,,,,,,,,,,,
Sill_a4b_frame,,,530833.2352,5247875.845,0,2,0,,,,,,,,,,,
Sill_a4b_frame,,,532969.8705,5244005.713,0,2,0,,,,,,,,,,,
Sill_a4b_frame,,,522891.4021,5263437,4,2,,,,0.94,0.29,0,,,,,,
Sill_a4b_frame,,,524786.1541,5259768.438,0,2,,,,0.94,0.29,0,,,,,,
Sill_a4b_frame,,,526680.9062,5255978.934,2,2,,,,0.94,0.29,0,,,,,,
Sill_a4b_frame,,,528696.5999,5252068.488,0,2,,,,0.94,0.29,0,,,,,,
Sill_a4b_frame,,,530833.2352,5247875.845,0,2,,,,0.94,0.29,0,,,,,,
Sill_a4b_frame,,,532969.8705,5244005.713,0,2,,,,0.94,0.29,0,,,,,,
Sill_a4b_frame,,,528647,5254644,4,1,,100.5,,-0.98,0.18,0,,,,,,
Sill_a4b_frame,,,528779,5252940,5,1,,100.9,,-0.98,0.19,0,,,,,,
Sill_a4b_frame,,,532980,5251400,4,1,,168.2,,-0.2,0.98,0,,,,,,
Sill_a4b_frame,,,533427,5248162,0,1,0,188.7,,,,,,,,,,
Sill_a4b_frame,,,533427,5248162,0,1,,188.7,,0.15,0.99,0,,,,,,
Sill_a4b_frame,,,523143,5261081,8,1,,318.7,,-0.66,0.75,0,,,,,,
Sill_a4b_frame,,,513505,5257041,496,1,,142.8,,-0.6,0.8,0,,,,,,
Sill_a4b_frame,,,519413,5255144,334,1,,293.8,,-0.91,0.4,0,,,,,,
Sill_a4b_frame,,,516563,5242900,219,1,,104.1,,-0.97,0.24,0,,,,,,
Sill_a4b_frame,,,528023,5247416,346,1,,174.5,,-0.1,1,0,,,,,,
Sill_a4b_frame,,,525517,5247416,48,1,,262.9,,0.99,0.12,0,,,,,,
Sill_a4b_frame,,,519592,5245707,483,1,0,306.7,,,,,,,,,,
Sill_a4b_frame,,,519592,5245707,483,1,,306.7,,-0.8,0.6,0,,,,,,
Tasmanian Basin,Upper Parmeener Supergroup,Rqm-Rv,523382.564,5265935.451,31,,600,,,,,,,,,,,
Tasmanian Basin,Upper Parmeener Supergroup,Pch-Rqp,519776.466,5247155.062,576,,400,,,,,,,,,,,
Tasmanian Basin,Lower Parmeener Group,Pur-Pua,513554.543,5257779.303,400,,200,,,,,,,,,,,
Tasmanian Basin,Lower Parmeener Group,Pur-Pua,514629.929,5266094.867,230,,200,,,,,,,,,,,
Tasmanian Basin,Lower Parmeener Group,Puo/Pud-Pum,538595.815,5250860.949,126,,100,,,,,,,,,,,
Tasmanian Basin,Lower/Upper Parmeener Group,Pua-Pch/Rcq,526424.636,5240338.532,63,,300,,,,,,,,,,,
Tasmanian Basin,Lower Parmeener Group,Pur-Pua,533199.709,5256546.075,147,,200,,,,,,,,,,,
Tasmanian Basin,Upper Parmeener Supergroup,Pch-Rqp,529671.801,5265997.146,239,,400,,,,,,,,,,,
Tasmanian Basin,Lower Parmeener Group,Pln-Pff,521870.624,5254048.867,202,,0,,,,,,,,,,,
Tasmanian Basin,Upper Parmeener Supergroup,Rqm-Rv,523383.627,5266918.692,55,,600,,,,,,,,,,,
Tasmanian Basin,Lower Parmeener Group,Pur-Pua,538534.119,5246153.515,159,,200,,,,,,,,,,,
Tasmanian Basin,Upper Parmeener Supergroup,Pch-Rqp,529736.525,5262854.125,168,,400,,,,,,,,,,,
Tasmanian Basin,Lower Parmeener Group,Pur-Pua,513034.606,5265838.169,159,,200,,,,,,,,,,,
Tasmanian Basin,Upper Parmeener Supergroup,Pch-Rqp,516143.987,5264600.157,484,,400,,,,,,,,,,,
Tasmanian Basin,Upper Parmeener Supergroup,Rqm-Rv,523083.872,5266730.016,28,,600,,,,,,,,,,,
Tasmanian Basin,Lower Parmeener Group,Pur-Pua,516484.833,5265933.834,261,,200,,,,,,,,,,,
Tasmanian Basin,Lower/Upper Parmeener Group,Pua-Pch/Rcq,524079.411,5243726.579,76,,300,,,,,,,,,,,
Tasmanian Basin,Lower Parmeener Group,Pln-Pff,517616.953,5259765.564,290,,0,,,,,,,,,,,
Tasmanian Basin,Lower Parmeener Group,Pur-Pua,533426.672,5257807.489,176,,200,,,,,,,,,,,
Tasmanian Basin,Lower Parmeener Group,Puo/Pud-Pum,538569.356,5251143.437,153,,100,,,,,,,,,,,
Tasmanian Basin,Lower Parmeener Group,Pur-Pua,520166.217,5252431.654,415,,200,,,,,,,,,,,
Tasmanian Basin,Lower Parmeener Group,Plo-Pln,518902.97,5258856.38,236,,-100,,,,,,,,,,,
Tasmanian Basin,Lower Parmeener Group,Pur-Pua,517429.527,5263019.167,281,,200,,,,,,,,,,,
Tasmanian Basin,Lower Parmeener Group,Pur-Pua,528157.651,5257480.097,68,,200,,,,,,,,,,,
Tasmanian Basin,Lower Parmeener Group,Pln-Pff,521841.052,5254182.719,202,,0,,,,,,,,,,,
Tasmanian Basin,Lower/Upper Parmeener Group,Pua-Pch/Rcq,537113.128,5253361.817,164,,300,,,,,,,,,,,
Tasmanian Basin,Lower Parmeener Group,Puo/Pud-Pum,538927.331,5246860.194,96,,100,,,,,,,,,,,
Tasmanian Basin,Upper Parmeener Supergroup,Rqm-Rv,520438.953,5264671.853,41,,600,,,,,,,,,,,
Tasmanian Basin,Lower Parmeener Group,Puo/Pud-Pum,538530.446,5251222.814,144,,100,,,,,,,,,,,
Tasmanian Basin,Lower Parmeener Group,Pur-Pua,521174.186,5251526.362,480,,200,,,,,,,,,,,
Tasmanian Basin,Lower/Upper Parmeener Group,Pua-Pch/Rcq,530048.729,5265466.14,176,,300,,,,,,,,,,,
Tasmanian Basin,Upper Parmeener Supergroup,Rqm-Rv,523017.171,5267532.287,53,,600,,,,,,,,,,,
Tasmanian Basin,Upper Parmeener Supergroup,Pch-Rqp,513034.045,5243430.968,400,,400,,,,,,,,,,,
Tasmanian Basin,Lower Parmeener Group,Pur-Pua,527944.837,5243764.571,47,,200,,,,,,,,,,,
Tasmanian Basin,Lower Parmeener Group,Pur-Pua,532560.148,5258331.086,149,,200,,,,,,,,,,,
Tasmanian Basin,Lower/Upper Parmeener Group,Pua-Pch/Rcq,531006.094,5261195.62,304,,300,,,,,,,,,,,
Tasmanian Basin,Lower Parmeener Group,Pur-Pua,534979.729,5249103.543,38,,200,,,,,,,,,,,
Tasmanian Basin,Lower Parmeener Group,Pur-Pua,533118.527,5257789.854,158,,200,,,,,,,,,,,
Tasmanian Basin,Lower Parmeener Group,Pur-Pua,527764.877,5243052.558,38,,200,,,,,,,,,,,
Tasmanian Basin,Lower Parmeener Group,Pln-Pff,519112.664,5258181.138,347,,0,,,,,,,,,,,
Tasmanian Basin,Lower Parmeener Group,Pln-Pff,520801.37,5241094.86,275,,0,,,,,,,,,,,
Tasmanian Basin,Lower Parmeener Group,Plo-Pln,518894.467,5258896.772,246,,-100,,,,,,,,,,,
Tasmanian Basin,Lower Parmeener Group,Pur-Pua,516764.808,5265776.659,256,,200,,,,,,,,,,,
Tasmanian Basin,Lower Parmeener Group,Pln-Pff,521254.674,5243911.185,172,,0,,,,,,,,,,,
Tasmanian Basin,Upper Parmeener Supergroup,Pch-Rqp,530264.281,5262654.126,290,,400,,,,,,,,,,,
Tasmanian Basin,Lower Parmeener Group,Pln-Pff,519126.671,5258681.524,348,,0,,,,,,,,,,,
Tasmanian Basin,Lower Parmeener Group,Pur-Pua,517493.245,5263206.165,272,,200,,,,,,,,,,,
Tasmanian Basin,Lower Parmeener Group,Pln-Pff,514442.264,5257993.591,297,,0,,,,,,,,,,,
Tasmanian Basin,Lower Parmeener Group,Pur-Pua,521229.875,5251456.054,462,,200,,,,,,,,,,,
Tasmanian Basin,Upper Parmeener Supergroup,Pch-Rqp,513001.514,5263041.66,355,,400,,,,,,,,,,,
Tasmanian Basin,Lower Parmeener Group,Pur-Pua,519669.809,5252838.073,464,,200,,,,,,,,,,,
Tasmanian Basin,Lower Parmeener Group,Pur-Pua,517370.781,5262298.674,250,,200,,,,,,,,,,,
Tasmanian Basin,Lower Parmeener Group,Pln-Pff,520698.646,5257837.949,95,,0,,,,,,,,,,,
Tasmanian Basin,Upper Parmeener Supergroup,Pch-Rqp,519860.496,5247060.562,580,,400,,,,,,,,,,,
Tasmanian Basin,Lower Parmeener Group,Pln-Pff,519084.648,5258212.266,348,,0,,,,,,,,,,,
Tasmanian Basin,Lower Parmeener Group,Pln-Pff,515665.603,5258125.107,328,,0,,,,,,,,,,,
Tasmanian Basin,Upper Parmeener Supergroup,Rqm-Rv,522855.6,5267345.206,30,,600,,,,,,,,,,,
Tasmanian Basin,Upper Parmeener Supergroup,Rcq-Rqp,512258.12,5258938.494,263,,400,,,,,,,,,,,
Tasmanian Basin,Lower Parmeener Group,Pur-Pua,521842.453,5248184.216,397,,200,,,,,,,,,,,
Tasmanian Basin,Upper Parmeener Supergroup,Rqm-Rv,525705.937,5266619.999,164,,600,,,,,,,,,,,
Tasmanian Basin,Lower Parmeener Group,Pur-Pua,532146.226,5261012.122,131,,200,,,,,,,,,,,
Tasmanian Basin,Lower Parmeener Group,Puo/Pud-Pum,538399.707,5247789.372,16,,100,,,,,,,,,,,
Tasmanian Basin,Lower Parmeener Group,Pln-Pff,520905.649,5257766.355,88,,0,,,,,,,,,,,
Tasmanian Basin,Upper Parmeener Supergroup,Pch-Rqp,520151.685,5251707.984,691,,400,,,,,,,,,,,
Tasmanian Basin,Lower Parmeener Group,Pur-Pua,534059.469,5257184.587,143,,200,,,,,,,,,,,
Tasmanian Basin,Lower Parmeener Group,Pur-Pua,527169.475,5259895.097,10,,200,,,,,,,,,,,
Tasmanian Basin,Lower Parmeener Group,Pur-Pua,521001.991,5250684.559,430,,200,,,,,,,,,,,
Tasmanian Basin,Lower Parmeener Group,Pln-Pff,520935.221,5240403.813,270,,0,,,,,,,,,,,
Tasmanian Basin,Upper Parmeener Supergroup,Pch-Rqp,524969.777,5241454.541,54,,400,,,,,,,,,,,
Tasmanian Basin,Lower/Upper Parmeener Group,Pua-Pch/Rcq,514064.202,5262413.161,313,,300,,,,,,,,,,,
Tasmanian Basin,Lower Parmeener Group,Pur-Pua,533414.287,5258504.091,112,,200,,,,,,,,,,,
Tasmanian Basin,Lower Parmeener Group,Pur-Pua,521001.939,5252042.568,464,,200,,,,,,,,,,,
Tasmanian Basin,Lower Parmeener Group,Puo/Pud-Pum,518824.533,5244388.809,373,,100,,,,,,,,,,,
Tasmanian Basin,Lower Parmeener Group,Pur-Pua,528452.725,5256205.737,62,,200,,,,,,,,,,,
Tasmanian Basin,Lower Parmeener Group,Pln-Pff,522222.373,5253032.531,253,,0,,,,,,,,,,,
Tasmanian Basin,Lower/Upper Parmeener Group,Pua-Pch/Rcq,520582.126,5251644.151,610,,300,,,,,,,,,,,
Tasmanian Basin,Lower Parmeener Group,Pur-Pua,532759.333,5258185.014,166,,200,,,,,,,,,,,
Tasmanian Basin,Lower Parmeener Group,Pur-Pua,527252.414,5259888.598,10,,200,,,,,,,,,,,
Tasmanian Basin,Lower Parmeener Group,Puo/Pud-Pum,518519.477,5244256.514,360,,100,,,,,,,,,,,
Tasmanian Basin,Lower Parmeener Group,Pur-Pua,520973.01,5250898.643,449,,200,,,,,,,,,,,
Tasmanian Basin,Lower Parmeener Group,Plo-Pln,522391.617,5254087.925,127,,-100,,,,,,,,,,,
Tasmanian Basin,Lower Parmeener Group,Pur-Pua,533352.772,5256212.573,150,,200,,,,,,,,,,,
Tasmanian Basin,Lower Parmeener Group,Pur-Pua,533084.77,5256648.575,137,,200,,,,,,,,,,,
Tasmanian Basin,Lower Parmeener Group,Pur-Pua,527472.279,5257771.095,38,,200,,,,,,,,,,,
Tasmanian Basin,Lower Parmeener Group,Plo-Pln,519151.704,5258898.898,284,,-100,,,,,,,,,,,
Tasmanian Basin,Upper Parmeener Supergroup,Pch-Rqp,519712.277,5246764.562,567,,400,,,,,,,,,,,
Tasmanian Basin,Lower Parmeener Group,Pur-Pua,519666.757,5252801.637,461,,200,,,,,,,,,,,
Tasmanian Basin,Lower/Upper Parmeener Group,Pua-Pch/Rcq,530595.463,5260517.617,247,,300,,,,,,,,,,,
Tasmanian Basin,Lower Parmeener Group,Pur-Pua,538485.047,5250022.983,94,,200,,,,,,,,,,,
Tasmanian Basin,Lower Parmeener Group,Pur-Pua,517470.62,5264781.157,275,,200,,,,,,,,,,,
Tasmanian Basin,Lower Parmeener Group,Pur-Pua,532787.4,5258118.085,152,,200,,,,,,,,,,,
Tasmanian Basin,Lower/Upper Parmeener Group,Pua-Pch/Rcq,520564.012,5250938.538,597,,300,,,,,,,,,,,
Tasmanian Basin,Lower/Upper Parmeener Group,Pua-Pch/Rcq,529973.902,5262470.624,181,,300,,,,,,,,,,,
Tasmanian Basin,Lower Parmeener Group,Plo-Pln,519264.378,5258250.49,297,,-100,,,,,,,,,,,
Tasmanian Basin,Upper Parmeener Supergroup,Pch-Rqp,527799.619,5262000.112,169,,400,,,,,,,,,,,
Tasmanian Basin,Lower Parmeener Group,Plo-Pln,519256.937,5258129.313,281,,-100,,,,,,,,,,,
Tasmanian Basin,Lower Parmeener Group,Pur-Pua,533536.584,5255247.565,123,,200,,,,,,,,,,,
Tasmanian Basin,Lower Parmeener Group,Puo/Pud-Pum,521044.17,5245684.326,260,,100,,,,,,,,,,,
Tasmanian Basin,Lower Parmeener Group,Pur-Pua,527315.415,5259910.099,14,,200,,,,,,,,,,,
Tasmanian Basin,Lower/Upper Parmeener Group,Pua-Pch/Rcq,524760.477,5241797.049,46,,300,,,,,,,,,,,
Tasmanian Basin,Upper Parmeener Supergroup,Rcq/Rqp - Rqm,524033.895,5263582.581,73,,500,,,,,,,,,,,
Tasmanian Basin,Upper Parmeener Supergroup,Pch-Rqp,513850.826,5263113.16,354,,400,,,,,,,,,,,
Tasmanian Basin,Lower Parmeener Group,Pur-Pua,538076.231,5243446.483,50,,200,,,,,,,,,,,
Tasmanian Basin,Lower/Upper Parmeener Group,Pua-Pch/Rcq,527127.339,5241893.54,34,,300,,,,,,,,,,,
Tasmanian Basin,Upper Parmeener Supergroup,Rqm-Rv,525269.059,5264918.194,145,,600,,,,,,,,,,,
Tasmanian Basin,Lower Parmeener Group,Pur-Pua,520455.103,5252431.654,447,,200,,,,,,,,,,,
Tasmanian Basin,Lower Parmeener Group,Pur-Pua,519978.615,5252736.899,420,,200,,,,,,,,,,,
Tasmanian Basin,Lower Parmeener Group,Puo/Pud-Pum,538532.002,5244892.502,75,,100,,,,,,,,,,,
Tasmanian Basin,Lower/Upper Parmeener Group,Pua-Pch/Rcq,530880.594,5261465.621,286,,300,,,,,,,,,,,
Tasmanian Basin,Upper Parmeener Supergroup,Rqm-Rv,525320.081,5264739.617,155,,600,,,,,,,,,,,
Tasmanian Basin,Lower Parmeener Group,Pur-Pua,515958.109,5266019.919,241,,200,,,,,,,,,,,
Tasmanian Basin,Lower/Upper Parmeener Group,Pua-Pch/Rcq,534047.171,5259003.599,153,,300,,,,,,,,,,,
Tasmanian Basin,Lower Parmeener Group,Pln-Pff,515838.364,5257586.589,330,,0,,,,,,,,,,,
Tasmanian Basin,Lower/Upper Parmeener Group,Pua-Pch/Rcq,516889.426,5263562.159,433,,300,,,,,,,,,,,
Tasmanian Basin,Upper Parmeener Supergroup,Pch-Rqp,516473.161,5246397.568,471,,400,,,,,,,,,,,
Tasmanian Basin,Upper Parmeener Supergroup,Pch-Rqp,517009.348,5246550.567,481,,400,,,,,,,,,,,
Tasmanian Basin,Lower Parmeener Group,Pur-Pua,534987.353,5249286.856,36,,200,,,,,,,,,,,
Tasmanian Basin,Lower Parmeener Group,Pur-Pua,521178.753,5251606.066,480,,200,,,,,,,,,,,
Tasmanian Basin,Lower Parmeener Group,Pur-Pua,533270.743,5258387.35,107,,200,,,,,,,,,,,
Tasmanian Basin,Lower Parmeener Group,Pur-Pua,533967.782,5258183.853,167,,200,,,,,,,,,,,
Tasmanian Basin,Lower Parmeener Group,Pur-Pua,514629,5266144.059,229,,200,,,,,,,,,,,
Tasmanian Basin,Lower Parmeener Group,Pln-Pff,522220.816,5253505.68,269,,0,,,,,,,,,,,
Tasmanian Basin,Lower Parmeener Group,Pur-Pua,517520.647,5263573.088,282,,200,,,,,,,,,,,
Tasmanian Basin,Lower Parmeener Group,Pln-Pff,520957.011,5240671.516,270,,0,,,,,,,,,,,
Tasmanian Basin,Lower/Upper Parmeener Group,Pua-Pch/Rcq,531054.761,5258921.096,162,,300,,,,,,,,,,,
Tasmanian Basin,Upper Parmeener Supergroup,Rcq/Rqp - Rqm,524180.584,5262823.625,140,,500,,,,,,,,,,,
Tasmanian Basin,Upper Parmeener Supergroup,Rcq-Rqp,512057.22,5259237.452,259,,400,,,,,,,,,,,
Tasmanian Basin,Lower Parmeener Group,Pur-Pua,517182.086,5264513.157,267,,200,,,,,,,,,,,
Tasmanian Basin,Lower Parmeener Group,Puo/Pud-Pum,538569.356,5245224.018,82,,100,,,,,,,,,,,
Tasmanian Basin,Lower Parmeener Group,Pln-Pff,514765.997,5258096.314,313,,0,,,,,,,,,,,
Tasmanian Basin,Upper Parmeener Supergroup,Pch-Rqp,520276.658,5248796.062,637,,400,,,,,,,,,,,
Tasmanian Basin,Upper Parmeener Supergroup,Pch-Rqp,516892.473,5246625.567,478,,400,,,,,,,,,,,
Tasmanian Basin,Lower Parmeener Group,Pur-Pua,521268.161,5251411.503,467,,200,,,,,,,,,,,
Tasmanian Basin,Lower/Upper Parmeener Group,Pua-Pch/Rcq,530963.635,5258917.596,159,,300,,,,,,,,,,,
Tasmanian Basin,Lower Parmeener Group,Pln-Pff,516538.749,5258567.906,370,,0,,,,,,,,,,,
Tasmanian Basin,Lower Parmeener Group,Puo/Pud-Pum,538569.356,5251173.009,152,,100,,,,,,,,,,,
Tasmanian Basin,Lower Parmeener Group,Pur-Pua,532240.073,5255409.059,74,,200,,,,,,,,,,,
Tasmanian Basin,Lower Parmeener Group,Pur-Pua,516250.274,5265918.161,255,,200,,,,,,,,,,,
Tasmanian Basin,Lower Parmeener Group,Plo-Pln,519332.408,5258290.883,287,,-100,,,,,,,,,,,
Tasmanian Basin,Upper Parmeener Supergroup,Pch-Rqp,516636.736,5263680.156,484,,400,,,,,,,,,,,
Tasmanian Basin,Lower/Upper Parmeener Group,Pua-Pch/Rcq,527140.59,5241971.54,50,,300,,,,,,,,,,,
Tasmanian Basin,Lower Parmeener Group,Pln-Pff,515374.943,5256993.986,302,,0,,,,,,,,,,,
Tasmanian Basin,Lower Parmeener Group,Pur-Pua,517582.716,5262954.668,274,,200,,,,,,,,,,,
Tasmanian Basin,Lower Parmeener Group,Pur-Pua,527333.979,5260068.1,21,,200,,,,,,,,,,,
Tasmanian Basin,Upper Parmeener Supergroup,Pch-Rqp,523565.974,5244137.179,114,,400,,,,,,,,,,,
Tasmanian Basin,Lower Parmeener Group,Pur-Pua,517673.791,5264133.226,285,,200,,,,,,,,,,,
Tasmanian Basin,Lower/Upper Parmeener Group,Pua-Pch/Rcq,520354.245,5247508.064,542,,300,,,,,,,,,,,
Tasmanian Basin,Upper Parmeener Supergroup,Pch-Rqp,520322.717,5248280.563,622,,400,,,,,,,,,,,
Tasmanian Basin,Lower Parmeener Group,Pln-Pff,518236.404,5260458.556,316,,0,,,,,,,,,,,
Tasmanian Basin,Lower Parmeener Group,Pur-Pua,533501.972,5258048.588,124,,200,,,,,,,,,,,
Tasmanian Basin,Lower Parmeener Group,Pur-Pua,521689.448,5249054.565,397,,200,,,,,,,,,,,
Tasmanian Basin,Upper Parmeener Supergroup,Rcq-Rqp,513059.329,5260057.794,230,,400,,,,,,,,,,,
Tasmanian Basin,Lower Parmeener Group,Pur-Pua,539887.048,5243624.223,116,,200,,,,,,,,,,,
Tasmanian Basin,Upper Parmeener Supergroup,Rqm-Rv,523402.761,5267072.821,62,,600,,,,,,,,,,,
Tasmanian Basin,Lower Parmeener Group,Pur-Pua,532427.076,5255491.561,85,,200,,,,,,,,,,,
Tasmanian Basin,Lower Parmeener Group,Puo/Pud-Pum,521391.249,5251805.69,409,,100,,,,,,,,,,,
Tasmanian Basin,Lower Parmeener Group,Pur-Pua,540031.839,5243343.922,159,,200,,,,,,,,,,,
Tasmanian Basin,Lower Parmeener Group,Pln-Pff,516630.578,5258753.119,368,,0,,,,,,,,,,,
Tasmanian Basin,Lower Parmeener Group,Pur-Pua,528296.796,5256108.282,47,,200,,,,,,,,,,,
Tasmanian Basin,Lower Parmeener Group,Puo/Pud-Pum,519084.648,5253651.593,372,,100,,,,,,,,,,,
Tasmanian Basin,Lower Parmeener Group,Pur-Pua,515301.707,5265941.165,155,,200,,,,,,,,,,,
Tasmanian Basin,Lower Parmeener Group,Puo/Pud-Pum,522180.35,5248898.315,335,,100,,,,,,,,,,,
Tasmanian Basin,Lower Parmeener Group,Pln-Pff,514387.789,5255234.074,415,,0,,,,,,,,,,,
Tasmanian Basin,Lower Parmeener Group,Pur-Pua,538233.552,5249265.508,10,,200,,,,,,,,,,,
Tasmanian Basin,Lower Parmeener Group,Pur-Pua,532381.416,5261574.126,145,,200,,,,,,,,,,,
Tasmanian Basin,Lower Parmeener Group,Pur-Pua,538342.145,5245061.925,126,,200,,,,,,,,,,,
Tasmanian Basin,Upper Parmeener Supergroup,Rqm-Rv,520249.745,5264903.579,27,,600,,,,,,,,,,,
Tasmanian Basin,Lower Parmeener Group,Puo/Pud-Pum,538483.753,5251394.019,145,,100,,,,,,,,,,,
Tasmanian Basin,Upper Parmeener Supergroup,Pch-Rqp,530033.16,5263537.629,266,,400,,,,,,,,,,,
Tasmanian Basin,Lower Parmeener Group,Pln-Pff,518368.699,5260579.956,318,,0,,,,,,,,,,,
Tasmanian Basin,Lower Parmeener Group,Pur-Pua,538446.668,5249888.987,82,,200,,,,,,,,,,,
Tasmanian Basin,Lower/Upper Parmeener Group,Pua-Pch/Rcq,520549.347,5250954.065,601,,300,,,,,,,,,,,
Tasmanian Basin,Lower Parmeener Group,Plo-Pln,519474.845,5258082.542,280,,-100,,,,,,,,,,,
Tasmanian Basin,Lower Parmeener Group,Pln-Pff,514384.677,5258088.532,286,,0,,,,,,,,,,,
Tasmanian Basin,Lower Parmeener Group,Pur-Pua,533157.509,5258133.965,165,,200,,,,,,,,,,,
Tasmanian Basin,Lower Parmeener Group,Pur-Pua,525428.309,5243724.57,29,,200,,,,,,,,,,,
Tasmanian Basin,Lower Parmeener Group,Pur-Pua,513077.825,5265845.67,165,,200,,,,,,,,,,,
Tasmanian Basin,Lower Parmeener Group,Pln-Pff,522077.626,5253571.049,257,,0,,,,,,,,,,,
Tasmanian Basin,Lower Parmeener Group,Plo-Pln,517597.651,5259417.624,218,,-100,,,,,,,,,,,
Tasmanian Basin,Lower/Upper Parmeener Group,Pua-Pch/Rcq,520554.021,5251504.563,614,,300,,,,,,,,,,,
Tasmanian Basin,Lower Parmeener Group,Plo-Pln,518879.585,5258935.039,235,,-100,,,,,,,,,,,
Tasmanian Basin,Lower Parmeener Group,Pur-Pua,518689.765,5253539.341,475,,200,,,,,,,,,,,
Tasmanian Basin,Lower Parmeener Group,Pln-Pff,517283.881,5259410.703,258,,0,,,,,,,,,,,
Tasmanian Basin,Upper Parmeener Supergroup,Rqm-Rv,523403.824,5266315.46,33,,600,,,,,,,,,,,
Tasmanian Basin,Lower Parmeener Group,Puo/Pud-Pum,518816.751,5244435.501,372,,100,,,,,,,,,,,
Tasmanian Basin,Upper Parmeener Supergroup,Rqm-Rv,520349.664,5264751.575,38,,600,,,,,,,,,,,
Tasmanian Basin,Lower/Upper Parmeener Group,Pua-Pch/Rcq,511948.624,5241907.438,318,,300,,,,,,,,,,,
Tasmanian Basin,Lower Parmeener Group,Pur-Pua,533146.583,5256604.075,135,,200,,,,,,,,,,,
Tasmanian Basin,Lower Parmeener Group,Puo/Pud-Pum,521350.783,5251562.89,395,,100,,,,,,,,,,,
Tasmanian Basin,Lower Parmeener Group,Pur-Pua,521704.478,5247902.569,386,,200,,,,,,,,,,,
Tasmanian Basin,Lower/Upper Parmeener Group,Pua-Pch/Rcq,530717.758,5258983.099,142,,300,,,,,,,,,,,
Tasmanian Basin,Lower/Upper Parmeener Group,Pua-Pch/Rcq,514186.607,5262660.661,315,,300,,,,,,,,,,,
Tasmanian Basin,Lower Parmeener Group,Puo/Pud-Pum,520932.108,5245623.626,257,,100,,,,,,,,,,,
Tasmanian Basin,Lower Parmeener Group,Pur-Pua,533313.438,5256749.4,133,,200,,,,,,,,,,,
Tasmanian Basin,Upper Parmeener Supergroup,Rcq-Rqp,512743.629,5259828.194,227,,400,,,,,,,,,,,
Tasmanian Basin,Lower Parmeener Group,Pur-Pua,528572.575,5256473.093,65,,200,,,,,,,,,,,
Tasmanian Basin,Lower Parmeener Group,Pur-Pua,521290.538,5251219.564,474,,200,,,,,,,,,,,
Tasmanian Basin,Lower/Upper Parmeener Group,Pua-Pch/Rcq,524424.989,5242351.059,39,,300,,,,,,,,,,,
Tasmanian Basin,Upper Parmeener Supergroup,Pch-Rqp,515998.021,5265066.159,444,,400,,,,,,,,,,,
Tasmanian Basin,Lower Parmeener Group,Pur-Pua,538072.656,5243396.5,59,,200,,,,,,,,,,,
Tasmanian Basin,Lower Parmeener Group,Pln-Pff,515325.138,5256978.422,302,,0,,,,,,,,,,,
Tasmanian Basin,Lower Parmeener Group,Pur-Pua,521356.229,5245871.073,264,,200,,,,,,,,,,,
Tasmanian Basin,Lower/Upper Parmeener Group,Pua-Pch/Rcq,533888.703,5258630.621,109,,300,,,,,,,,,,,
Tasmanian Basin,Upper Parmeener Supergroup,Pch-Rqp,516226.361,5264268.156,461,,400,,,,,,,,,,,
Tasmanian Basin,Upper Parmeener Supergroup,Rcq/Rqp - Rqm,526040.13,5257583.485,31,,500,,,,,,,,,,,
Tasmanian Basin,Upper Parmeener Supergroup,Pch-Rqp,526118.947,5239823.535,69,,400,,,,,,,,,,,
Tasmanian Basin,Lower Parmeener Group,Pln-Pff,516165.6,5256886.593,342,,0,,,,,,,,,,,
Tasmanian Basin,Lower Parmeener Group,Pln-Pff,521467.513,5242744.655,189,,0,,,,,,,,,,,
Tasmanian Basin,Lower Parmeener Group,Pur-Pua,521793.008,5248339.567,409,,200,,,,,,,,,,,
Tasmanian Basin,Lower Parmeener Group,Pur-Pua,531620.607,5264453.139,146,,200,,,,,,,,,,,
Tasmanian Basin,Lower Parmeener Group,Pln-Pff,514415.805,5255361.7,417,,0,,,,,,,,,,,
Tasmanian Basin,Lower Parmeener Group,Pur-Pua,534872.611,5250182.055,77,,200,,,,,,,,,,,
Tasmanian Basin,Lower Parmeener Group,Puo/Pud-Pum,518866.556,5244608.263,375,,100,,,,,,,,,,,
Tasmanian Basin,Upper Parmeener Supergroup,Pch-Rqp,529253.915,5256864.864,69,,400,,,,,,,,,,,
Tasmanian Basin,Lower Parmeener Group,Pln-Pff,518149.635,5260753.107,299,,0,,,,,,,,,,,
Tasmanian Basin,Lower Parmeener Group,Pur-Pua,535006.793,5249149.543,38,,200,,,,,,,,,,,
Tasmanian Basin,Lower Parmeener Group,Pur-Pua,533875.085,5255249.56,147,,200,,,,,,,,,,,
Tasmanian Basin,Lower Parmeener Group,Pur-Pua,534019.282,5257266.587,135,,200,,,,,,,,,,,
Tasmanian Basin,Lower Parmeener Group,Pln-Pff,518227.455,5260721.979,312,,0,,,,,,,,,,,
Tasmanian Basin,Lower/Upper Parmeener Group,Pua-Pch/Rcq,530093.958,5260526.618,211,,300,,,,,,,,,,,
Tasmanian Basin,Upper Parmeener Supergroup,Pch-Rqp,512394.139,5263275.16,370,,400,,,,,,,,,,,
Tasmanian Basin,Upper Parmeener Supergroup,Rqm-Rv,525513.54,5265309.365,172,,600,,,,,,,,,,,
Tasmanian Basin,Lower/Upper Parmeener Group,Pua-Pch/Rcq,516896.337,5261486.175,428,,300,,,,,,,,,,,
Tasmanian Basin,Lower/Upper Parmeener Group,Pua-Pch/Rcq,512515.057,5241330.94,298,,300,,,,,,,,,,,
Tasmanian Basin,Upper Parmeener Supergroup,Rqm-Rv,523472.916,5266208.632,44,,600,,,,,,,,,,,
Tasmanian Basin,Lower Parmeener Group,Puo/Pud-Pum,538676.748,5245887.438,70,,100,,,,,,,,,,,
Tasmanian Basin,Lower Parmeener Group,Pln-Pff,521571.793,5254272.99,183,,0,,,,,,,,,,,
Tasmanian Basin,Lower Parmeener Group,Pln-Pff,521480.354,5243853.598,164,,0,,,,,,,,,,,
Tasmanian Basin,Lower/Upper Parmeener Group,Pua-Pch/Rcq,535743.657,5266909.662,36,,300,,,,,,,,,,,
Tasmanian Basin,Lower Parmeener Group,Pln-Pff,514574.948,5257607.212,311,,0,,,,,,,,,,,
Tasmanian Basin,Lower Parmeener Group,Pln-Pff,516180.775,5255598.274,418,,0,,,,,,,,,,,
Tasmanian Basin,Lower/Upper Parmeener Group,Pua-Pch/Rcq,530451.339,5261272.12,229,,300,,,,,,,,,,,
Tasmanian Basin,Lower Parmeener Group,Pln-Pff,521595.139,5255637.184,119,,0,,,,,,,,,,,
Tasmanian Basin,Lower Parmeener Group,Puo/Pud-Pum,516382.719,5260030.543,462,,100,,,,,,,,,,,
Tasmanian Basin,Lower Parmeener Group,Pur-Pua,518643.788,5253518.583,468,,200,,,,,,,,,,,
Tasmanian Basin,Lower Parmeener Group,Pur-Pua,532280.762,5255438.559,81,,200,,,,,,,,,,,
Tasmanian Basin,Upper Parmeener Supergroup,Rqm-Rv,523062.878,5267697.047,59,,600,,,,,,,,,,,
Tasmanian Basin,Lower Parmeener Group,Pln-Pff,519279.2,5257849.623,355,,0,,,,,,,,,,,
Tasmanian Basin,Lower/Upper Parmeener Group,Pua-Pch/Rcq,514506.109,5264758.664,409,,300,,,,,,,,,,,
Tasmanian Basin,Lower Parmeener Group,Pln-Pff,519154.687,5258055.069,355,,0,,,,,,,,,,,
Tasmanian Basin,Upper Parmeener Supergroup,Rcq/Rqp - Rqm,526104.38,5257402.072,30,,500,,,,,,,,,,,
Tasmanian Basin,Lower/Upper Parmeener Group,Pua-Pch/Rcq,520607.059,5250866.059,588,,300,,,,,,,,,,,
Tasmanian Basin,Lower Parmeener Group,Pur-Pua,516206.493,5265807.661,243,,200,,,,,,,,,,,
Tasmanian Basin,Lower Parmeener Group,Pln-Pff,521472.572,5244616.239,181,,0,,,,,,,,,,,
Tasmanian Basin,Lower Parmeener Group,Pur-Pua,533584.457,5256520.148,148,,200,,,,,,,,,,,
Tasmanian Basin,Lower Parmeener Group,Pln-Pff,517451.973,5259427.823,272,,0,,,,,,,,,,,
Tasmanian Basin,Lower Parmeener Group,Pur-Pua,534985.795,5249462.046,36,,200,,,,,,,,,,,
Tasmanian Basin,Lower/Upper Parmeener Group,Pua-Pch/Rcq,530032.915,5265399.639,172,,300,,,,,,,,,,,
Tasmanian Basin,Upper Parmeener Supergroup,Rcq/Rqp - Rqm,524252.866,5266953.77,82,,500,,,,,,,,,,,
Tasmanian Basin,Upper Parmeener Supergroup,Rcq-Rqp,513733.779,5259899.944,236,,400,,,,,,,,,,,
Tasmanian Basin,Upper Parmeener Supergroup,Pch-Rqp,523735.022,5243454.505,73,,400,,,,,,,,,,,
Tasmanian Basin,Lower Parmeener Group,Pur-Pua,521071.306,5250440.058,450,,200,,,,,,,,,,,
Tasmanian Basin,Lower Parmeener Group,Pln-Pff,515247.317,5256891.263,300,,0,,,,,,,,,,,
Tasmanian Basin,Lower Parmeener Group,Puo/Pud-Pum,521771.014,5251253.164,388,,100,,,,,,,,,,,
Tasmanian Basin,Lower Parmeener Group,Puo/Pud-Pum,518539.71,5244404.373,380,,100,,,,,,,,,,,
Tasmanian Basin,Lower Parmeener Group,Pln-Pff,516481.551,5257285.813,361,,0,,,,,,,,,,,
Tasmanian Basin,Lower/Upper Parmeener Group,Pua-Pch/Rcq,512705.514,5264047.161,313,,300,,,,,,,,,,,
Tasmanian Basin,Lower Parmeener Group,Plo-Pln,519245.245,5258150.572,298,,-100,,,,,,,,,,,
Tasmanian Basin,Lower Parmeener Group,Pur-Pua,527486.23,5259595.6,47,,200,,,,,,,,,,,
Tasmanian Basin,Upper Parmeener Supergroup,Pch-Rqp,531080.321,5258674.592,220,,400,,,,,,,,,,,
Tasmanian Basin,Lower Parmeener Group,Pur-Pua,517102.648,5264467.657,266,,200,,,,,,,,,,,
Tasmanian Basin,Lower Parmeener Group,Pur-Pua,527803.89,5243490.067,45,,200,,,,,,,,,,,
Tasmanian Basin,Upper Parmeener Supergroup,Pch-Rqp,531001.882,5258558.592,216,,400,,,,,,,,,,,
Tasmanian Basin,Lower Parmeener Group,Puo/Pud-Pum,513708.805,5257828.222,393,,100,,,,,,,,,,,
Tasmanian Basin,Lower Parmeener Group,Pur-Pua,516865.926,5264170.157,269,,200,,,,,,,,,,,
Tasmanian Basin,Lower/Upper Parmeener Group,Pua-Pch/Rcq,531098.907,5261062.119,305,,300,,,,,,,,,,,
Tasmanian Basin,Lower/Upper Parmeener Group,Pua-Pch/Rcq,531147.039,5262502.127,281,,300,,,,,,,,,,,
Tasmanian Basin,Upper Parmeener Supergroup,Pch-Rqp,525985.383,5239753.034,60,,400,,,,,,,,,,,
Tasmanian Basin,Upper Parmeener Supergroup,Pch-Rqp,513195.233,5262686.16,350,,400,,,,,,,,,,,
Tasmanian Basin,Lower Parmeener Group,Pur-Pua,521667.033,5248935.088,420,,200,,,,,,,,,,,
Tasmanian Basin,Lower/Upper Parmeener Group,Pua-Pch/Rcq,535393.089,5253539.514,107,,300,,,,,,,,,,,
Tasmanian Basin,Lower Parmeener Group,Pln-Pff,522152.334,5240325.993,139,,0,,,,,,,,,,,
Tasmanian Basin,Lower/Upper Parmeener Group,Pua-Pch/Rcq,512011.937,5241968.438,335,,300,,,,,,,,,,,
Tasmanian Basin,Lower Parmeener Group,Pln-Pff,516386.61,5257528.613,356,,0,,,,,,,,,,,
Tasmanian Basin,Upper Parmeener Supergroup,Pch-Rqp,516276.767,5264159.656,477,,400,,,,,,,,,,,
Tasmanian Basin,Lower Parmeener Group,Puo/Pud-Pum,518838.541,5244563.127,379,,100,,,,,,,,,,,
Tasmanian Basin,Upper Parmeener Supergroup,Pch-Rqp,517242.783,5246238.565,475,,400,,,,,,,,,,,
Tasmanian Basin,Lower Parmeener Group,Pur-Pua,527487.716,5257802.095,41,,200,,,,,,,,,,,
Tasmanian Basin,Lower Parmeener Group,Pur-Pua,520757.894,5246552.068,323,,200,,,,,,,,,,,
Tasmanian Basin,Lower Parmeener Group,Pur-Pua,521332.879,5251321.564,469,,200,,,,,,,,,,,
Tasmanian Basin,Lower Parmeener Group,Pur-Pua,515308.801,5265686.664,176,,200,,,,,,,,,,,
Tasmanian Basin,Upper Parmeener Supergroup,Pch-Rqp,520078.785,5251706.563,697,,400,,,,,,,,,,,
Tasmanian Basin,Lower Parmeener Group,Pur-Pua,520331.892,5252425.389,434,,200,,,,,,,,,,,
Tasmanian Basin,Lower Parmeener Group,Puo/Pud-Pum,522340.66,5249257.067,332,,100,,,,,,,,,,,
Tasmanian Basin,Lower/Upper Parmeener Group,Pua-Pch/Rcq,512054.608,5263765.66,303,,300,,,,,,,,,,,
Tasmanian Basin,Lower Parmeener Group,Pur-Pua,538350.036,5249676.993,47,,200,,,,,,,,,,,
Tasmanian Basin,Lower Parmeener Group,Pur-Pua,533464.275,5256505.577,145,,200,,,,,,,,,,,
Tasmanian Basin,Lower/Upper Parmeener Group,Pua-Pch/Rcq,512321.551,5255105.868,710,,300,,,,,,,,,,,
Tasmanian Basin,Lower/Upper Parmeener Group,Pua-Pch/Rcq,530499.776,5260996.619,231,,300,,,,,,,,,,,
Tasmanian Basin,Lower/Upper Parmeener Group,Pua-Pch/Rcq,527193.766,5242557.669,83,,300,,,,,,,,,,,
Tasmanian Basin,Lower Parmeener Group,Pur-Pua,533135.233,5257836.262,156,,200,,,,,,,,,,,
Tasmanian Basin,Lower Parmeener Group,Pur-Pua,531814.692,5255762.559,64,,200,,,,,,,,,,,
Tasmanian Basin,Lower/Upper Parmeener Group,Pua-Pch/Rcq,530275.286,5263404.629,196,,300,,,,,,,,,,,
Tasmanian Basin,Lower Parmeener Group,Pln-Pff,517865.979,5260044.162,288,,0,,,,,,,,,,,
Tasmanian Basin,Lower Parmeener Group,Puo/Pud-Pum,538746.787,5250027.491,96,,100,,,,,,,,,,,
Tasmanian Basin,Lower Parmeener Group,Pur-Pua,521167.254,5251553.565,476,,200,,,,,,,,,,,
Tasmanian Basin,Upper Parmeener Supergroup,Pch-Rqp,525397.834,5241299.538,71,,400,,,,,,,,,,,
Tasmanian Basin,Upper Parmeener Supergroup,Pch-Rqp,535488.844,5267214.63,67,,400,,,,,,,,,,,
Tasmanian Basin,Lower Parmeener Group,Pln-Pff,521623.154,5242579.675,188,,0,,,,,,,,,,,
Tasmanian Basin,Upper Parmeener Supergroup,Rcq/Rqp - Rqm,525451.888,5266140.071,122,,500,,,,,,,,,,,
Tasmanian Basin,Lower Parmeener Group,Plo-Pln,522597.831,5254192.096,137,,-100,,,,,,,,,,,
Tasmanian Basin,Upper Parmeener Supergroup,Rqm-Rv,520273.13,5264872.753,28,,600,,,,,,,,,,,
Tasmanian Basin,Lower Parmeener Group,Pur-Pua,532782.714,5258365.087,131,,200,,,,,,,,,,,
Tasmanian Basin,Lower/Upper Parmeener Group,Pua-Pch/Rcq,530830.966,5260838.118,266,,300,,,,,,,,,,,
Tasmanian Basin,Upper Parmeener Supergroup,Pch-Rqp,520112.125,5251705.063,692,,400,,,,,,,,,,,
Tasmanian Basin,Lower Parmeener Group,Pur-Pua,515094.05,5266030.166,186,,200,,,,,,,,,,,
Tasmanian Basin,Lower/Upper Parmeener Group,Pua-Pch/Rcq,528455.32,5261833.618,138,,300,,,,,,,,,,,
Tasmanian Basin,Lower Parmeener Group,Pln-Pff,521744.555,5242844.265,177,,0,,,,,,,,,,,
Tasmanian Basin,Lower/Upper Parmeener Group,Pua-Pch/Rcq,529266.854,5258879.914,163,,300,,,,,,,,,,,
Tasmanian Basin,Lower Parmeener Group,Pur-Pua,521329.77,5249154.063,395,,200,,,,,,,,,,,
Tasmanian Basin,Upper Parmeener Supergroup,Rcq/Rqp - Rqm,524196.529,5267010.107,83,,500,,,,,,,,,,,
Tasmanian Basin,Lower Parmeener Group,Pur-Pua,533389.546,5255216.099,122,,200,,,,,,,,,,,
Tasmanian Basin,Lower Parmeener Group,Puo/Pud-Pum,538739.005,5246161.366,89,,100,,,,,,,,,,,
Tasmanian Basin,Lower Parmeener Group,Pur-Pua,527722.272,5257129.941,30,,200,,,,,,,,,,,
Tasmanian Basin,Lower Parmeener Group,Pln-Pff,521324.324,5254905.671,140,,0,,,,,,,,,,,
Tasmanian Basin,Upper Parmeener Supergroup,Pch-Rqp,516287.552,5264857.657,490,,400,,,,,,,,,,,
Tasmanian Basin,Upper Parmeener Supergroup,Rqm-Rv,525789.911,5266223.514,180,,600,,,,,,,,,,,
Tasmanian Basin,Upper Parmeener Supergroup,Rcq-Rqp,512081.137,5259172.877,251,,400,,,,,,,,,,,
Tasmanian Basin,Lower Parmeener Group,Puo/Pud-Pum,538731.223,5246252.416,89,,100,,,,,,,,,,,
Tasmanian Basin,Lower Parmeener Group,Pln-Pff,521827.044,5253946.144,178,,0,,,,,,,,,,,
Tasmanian Basin,Lower Parmeener Group,Pln-Pff,515163.271,5257660.13,302,,0,,,,,,,,,,,
Tasmanian Basin,Lower/Upper Parmeener Group,Pua-Pch/Rcq,528400.882,5261820.617,127,,300,,,,,,,,,,,
Tasmanian Basin,Lower Parmeener Group,Pln-Pff,522936.765,5253034.087,235,,0,,,,,,,,,,,
Tasmanian Basin,Upper Parmeener Supergroup,Pch-Rqp,530838.786,5262550.127,339,,400,,,,,,,,,,,
Tasmanian Basin,Lower Parmeener Group,Pur-Pua,533264.707,5255251.063,125,,200,,,,,,,,,,,
Tasmanian Basin,Lower/Upper Parmeener Group,Pua-Pch/Rcq,530224.65,5261498.121,217,,300,,,,,,,,,,,
Tasmanian Basin,Lower Parmeener Group,Pur-Pua,514570.58,5266355.671,238,,200,,,,,,,,,,,
Tasmanian Basin,Lower Parmeener Group,Puo/Pud-Pum,538678.305,5250488.966,116,,100,,,,,,,,,,,
Tasmanian Basin,Upper Parmeener Supergroup,Pch-Rqp,523765.251,5243148.574,72,,400,,,,,,,,,,,
Tasmanian Basin,Lower Parmeener Group,Pln-Pff,516266.766,5256897.488,347,,0,,,,,,,,,,,
Tasmanian Basin,Lower Parmeener Group,Pur-Pua,520997.889,5245826.571,318,,200,,,,,,,,,,,
Tasmanian Basin,Lower Parmeener Group,Pur-Pua,514207.017,5265985.672,217,,200,,,,,,,,,,,
Tasmanian Basin,Upper Parmeener Supergroup,Rcq/Rqp - Rqm,525888.953,5257711.985,34,,500,,,,,,,,,,,
Tasmanian Basin,Lower Parmeener Group,Puo/Pud-Pum,518866.556,5244707.873,381,,100,,,,,,,,,,,
Tasmanian Basin,Lower Parmeener Group,Pln-Pff,515660.934,5258560.124,350,,0,,,,,,,,,,,
Tasmanian Basin,Lower Parmeener Group,Pur-Pua,538425.492,5245906.514,103,,200,,,,,,,,,,,
Tasmanian Basin,Lower/Upper Parmeener Group,Pua-Pch/Rcq,529871.775,5262317.624,177,,300,,,,,,,,,,,
Tasmanian Basin,Lower Parmeener Group,Pln-Pff,516198.284,5256892.819,344,,0,,,,,,,,,,,
Tasmanian Basin,Lower Parmeener Group,Pur-Pua,513996.109,5265437.669,207,,200,,,,,,,,,,,
Tasmanian Basin,Lower Parmeener Group,Pln-Pff,516487.388,5258457.401,369,,0,,,,,,,,,,,
Tasmanian Basin,Lower/Upper Parmeener Group,Pua-Pch/Rcq,516895.426,5263448.66,435,,300,,,,,,,,,,,
Tasmanian Basin,Upper Parmeener Supergroup,Rcq-Rqp,512172.02,5258773.468,254,,400,,,,,,,,,,,
Tasmanian Basin,Upper Parmeener Supergroup,Rqm-Rv,525627.277,5266528.584,170,,600,,,,,,,,,,,
Tasmanian Basin,Lower/Upper Parmeener Group,Pua-Pch/Rcq,531043.039,5262825.628,265,,300,,,,,,,,,,,
Tasmanian Basin,Lower/Upper Parmeener Group,Pua-Pch/Rcq,537373.238,5253347.981,196,,300,,,,,,,,,,,
Tasmanian Basin,Lower Parmeener Group,Pln-Pff,522094.747,5253764.044,178,,0,,,,,,,,,,,
Tasmanian Basin,Lower Parmeener Group,Pur-Pua,533237.897,5256460.074,147,,200,,,,,,,,,,,
Tasmanian Basin,Lower Parmeener Group,Pur-Pua,527144.599,5259834.596,17,,200,,,,,,,,,,,
Tasmanian Basin,Lower Parmeener Group,Pur-Pua,534761.611,5250439.057,79,,200,,,,,,,,,,,
Tasmanian Basin,Lower Parmeener Group,Pur-Pua,538412.291,5249838.989,70,,200,,,,,,,,,,,
Tasmanian Basin,Lower Parmeener Group,Pln-Pff,521441.054,5254857.423,156,,0,,,,,,,,,,,
Tasmanian Basin,Lower Parmeener Group,Pln-Pff,516445.754,5256878.811,351,,0,,,,,,,,,,,
Tasmanian Basin,Lower Parmeener Group,Pln-Pff,516423.964,5257695.149,350,,0,,,,,,,,,,,
Tasmanian Basin,Lower Parmeener Group,Pln-Pff,515101.015,5257839.117,304,,0,,,,,,,,,,,
Tasmanian Basin,Lower/Upper Parmeener Group,Pua-Pch/Rcq,519067.948,5252452.066,635,,300,,,,,,,,,,,
Tasmanian Basin,Upper Parmeener Supergroup,Rcq/Rqp - Rqm,523542.806,5263314.714,10,,500,,,,,,,,,,,
Tasmanian Basin,Lower/Upper Parmeener Group,Pua-Pch/Rcq,530822.697,5258976.598,144,,300,,,,,,,,,,,
Tasmanian Basin,Upper Parmeener Supergroup,Pch-Rqp,519501.81,5246834.062,569,,400,,,,,,,,,,,
Tasmanian Basin,Lower Parmeener Group,Puo/Pud-Pum,518731.149,5244295.424,371,,100,,,,,,,,,,,
Tasmanian Basin,Lower Parmeener Group,Pur-Pua,521012.688,5251007.933,461,,200,,,,,,,,,,,
Tasmanian Basin,Lower/Upper Parmeener Group,Pua-Pch/Rcq,512414.619,5241292.439,294,,300,,,,,,,,,,,
Tasmanian Basin,Upper Parmeener Supergroup,Pch-Rqp,525821.955,5241115.537,83,,400,,,,,,,,,,,
Tasmanian Basin,Lower/Upper Parmeener Group,Pua-Pch/Rcq,533013.796,5263887.639,79,,300,,,,,,,,,,,
Tasmanian Basin,Upper Parmeener Supergroup,Rcq/Rqp - Rqm,526040.13,5257103.497,12,,500,,,,,,,,,,,
Tasmanian Basin,Lower Parmeener Group,Pln-Pff,521352.728,5244231.806,160,,0,,,,,,,,,,,
Tasmanian Basin,Lower Parmeener Group,Plo-Pln,522676.491,5253662.74,123,,-100,,,,,,,,,,,
Tasmanian Basin,Lower Parmeener Group,Pur-Pua,514054.422,5265383.669,213,,200,,,,,,,,,,,
Tasmanian Basin,Lower Parmeener Group,Pur-Pua,520524.714,5252428.87,447,,200,,,,,,,,,,,
Tasmanian Basin,Lower Parmeener Group,Pur-Pua,514788.08,5266124.169,131,,200,,,,,,,,,,,
Tasmanian Basin,Lower Parmeener Group,Plo-Pln,517578.518,5259360.224,211,,-100,,,,,,,,,,,
Tasmanian Basin,Lower Parmeener Group,Pur-Pua,515223.425,5265793.165,195,,200,,,,,,,,,,,
Tasmanian Basin,Lower Parmeener Group,Pur-Pua,533070.145,5256771.076,130,,200,,,,,,,,,,,
Tasmanian Basin,Lower Parmeener Group,Puo/Pud-Pum,521294.557,5241244.859,255,,100,,,,,,,,,,,
Tasmanian Basin,Lower/Upper Parmeener Group,Pua-Pch/Rcq,535346.509,5253706.86,103,,300,,,,,,,,,,,
Tasmanian Basin,Upper Parmeener Supergroup,Rcq/Rqp - Rqm,525911.629,5257689.308,34,,500,,,,,,,,,,,
Tasmanian Basin,Lower Parmeener Group,Plo-Pln,517625.288,5259090.232,219,,-100,,,,,,,,,,,
Tasmanian Basin,Lower Parmeener Group,Pur-Pua,513579.577,5265160.666,176,,200,,,,,,,,,,,
Tasmanian Basin,Lower Parmeener Group,Pln-Pff,521585.801,5242607.691,187,,0,,,,,,,,,,,
Tasmanian Basin,Upper Parmeener Supergroup,Pch-Rqp,530505.286,5263007.628,315,,400,,,,,,,,,,,
Tasmanian Basin,Lower Parmeener Group,Pln-Pff,522239.493,5253759.375,183,,0,,,,,,,,,,,
Tasmanian Basin,Lower Parmeener Group,Plo-Pln,519436.578,5257777.472,272,,-100,,,,,,,,,,,
Tasmanian Basin,Lower Parmeener Group,Pln-Pff,521212.651,5244248.926,170,,0,,,,,,,,,,,
Tasmanian Basin,Lower Parmeener Group,Pur-Pua,534107.029,5256702.08,138,,200,,,,,,,,,,,
Tasmanian Basin,Lower Parmeener Group,Pur-Pua,525310.308,5244538.072,66,,200,,,,,,,,,,,
Tasmanian Basin,Lower Parmeener Group,Pur-Pua,533168.582,5255510.565,118,,200,,,,,,,,,,,
Tasmanian Basin,Lower Parmeener Group,Pur-Pua,533208.031,5258099.587,164,,200,,,,,,,,,,,
Tasmanian Basin,Lower Parmeener Group,Pur-Pua,540090.681,5242401.003,152,,200,,,,,,,,,,,
Tasmanian Basin,Lower Parmeener Group,Puo/Pud-Pum,538564.687,5245320.515,88,,100,,,,,,,,,,,
Tasmanian Basin,Lower Parmeener Group,Pln-Pff,516638.749,5256869.862,370,,0,,,,,,,,,,,
Tasmanian Basin,Upper Parmeener Supergroup,Rcq-Rqp,512172.02,5259596.202,248,,400,,,,,,,,,,,
Tasmanian Basin,Lower/Upper Parmeener Group,Pua-Pch/Rcq,524650.686,5244851.577,189,,300,,,,,,,,,,,
Tasmanian Basin,Lower Parmeener Group,Pur-Pua,528163.078,5256648.093,57,,200,,,,,,,,,,,
Tasmanian Basin,Upper Parmeener Supergroup,Pch-Rqp,523689.35,5243955.081,116,,400,,,,,,,,,,,
Tasmanian Basin,Lower Parmeener Group,Pur-Pua,513451.827,5265462.167,143,,200,,,,,,,,,,,
Tasmanian Basin,Lower Parmeener Group,Pur-Pua,533830.024,5255761.567,164,,200,,,,,,,,,,,
Tasmanian Basin,Lower Parmeener Group,Pur-Pua,516307.743,5265947.161,259,,200,,,,,,,,,,,
Tasmanian Basin,Lower Parmeener Group,Puo/Pud-Pum,521606.034,5251032.154,395,,100,,,,,,,,,,,
Tasmanian Basin,Lower/Upper Parmeener Group,Pua-Pch/Rcq,516276.112,5264394.156,396,,300,,,,,,,,,,,
Tasmanian Basin,Lower/Upper Parmeener Group,Pua-Pch/Rcq,529118.454,5261659.621,190,,300,,,,,,,,,,,
Tasmanian Basin,Lower Parmeener Group,Pur-Pua,517885.409,5264001.429,275,,200,,,,,,,,,,,
Tasmanian Basin,Lower Parmeener Group,Pln-Pff,514403.354,5255641.854,421,,0,,,,,,,,,,,
Tasmanian Basin,Lower Parmeener Group,Pur-Pua,517409.749,5262433.173,254,,200,,,,,,,,,,,
Tasmanian Basin,Lower Parmeener Group,Pur-Pua,533398.912,5258569.591,117,,200,,,,,,,,,,,
Tasmanian Basin,Upper Parmeener Supergroup,Rqm-Rv,522905.559,5267316.506,31,,600,,,,,,,,,,,
Tasmanian Basin,Lower Parmeener Group,Puo/Pud-Pum,538474.415,5247706.882,32,,100,,,,,,,,,,,
Tasmanian Basin,Lower Parmeener Group,Pln-Pff,522068.288,5253770.27,178,,0,,,,,,,,,,,
Tasmanian Basin,Lower Parmeener Group,Pln-Pff,516355.482,5257352.738,356,,0,,,,,,,,,,,
Tasmanian Basin,Upper Parmeener Supergroup,Pch-Rqp,531943.855,5266090.644,61,,400,,,,,,,,,,,
Tasmanian Basin,Lower Parmeener Group,Pur-Pua,534069.412,5257773.09,173,,200,,,,,,,,,,,
Tasmanian Basin,Lower Parmeener Group,Puo/Pud-Pum,521101.562,5240995.833,251,,100,,,,,,,,,,,
Tasmanian Basin,Lower Parmeener Group,Pur-Pua,533109.245,5257751.8,155,,200,,,,,,,,,,,
Tasmanian Basin,Lower Parmeener Group,Pur-Pua,538384.84,5251362.427,188,,200,,,,,,,,,,,
Tasmanian Basin,Lower Parmeener Group,Pln-Pff,521929.767,5254164.042,201,,0,,,,,,,,,,,
Tasmanian Basin,Lower Parmeener Group,Pur-Pua,525267.058,5244686.073,67,,200,,,,,,,,,,,
Tasmanian Basin,Lower Parmeener Group,Pln-Pff,521797.473,5254902.559,186,,0,,,,,,,,,,,
Tasmanian Basin,Upper Parmeener Supergroup,Rqm-Rv,523045.605,5266701.316,21,,600,,,,,,,,,,,
Tasmanian Basin,Upper Parmeener Supergroup,Pch-Rqp,528352.505,5262597.118,222,,400,,,,,,,,,,,
Tasmanian Basin,Lower Parmeener Group,Pln-Pff,521531.715,5244703.398,183,,0,,,,,,,,,,,
Tasmanian Basin,Upper Parmeener Supergroup,Rcq/Rqp - Rqm,520721.701,5264237.898,29,,500,,,,,,,,,,,
Tasmanian Basin,Lower Parmeener Group,Pur-Pua,532576.086,5258325.586,144,,200,,,,,,,,,,,
Tasmanian Basin,Lower Parmeener Group,Pur-Pua,533188.897,5256801.577,139,,200,,,,,,,,,,,
Tasmanian Basin,Upper Parmeener Supergroup,Pch-Rqp,516811.004,5246482.067,477,,400,,,,,,,,,,,
Tasmanian Basin,Lower Parmeener Group,Pln-Pff,518816.946,5258751.563,327,,0,,,,,,,,,,,
Tasmanian Basin,Lower Parmeener Group,Plo-Pln,522436.261,5253943.362,134,,-100,,,,,,,,,,,
Tasmanian Basin,Lower Parmeener Group,Pln-Pff,514612.302,5257770.635,312,,0,,,,,,,,,,,
Tasmanian Basin,Lower Parmeener Group,Pur-Pua,513938.609,5265255.168,191,,200,,,,,,,,,,,
Tasmanian Basin,Lower Parmeener Group,Puo/Pud-Pum,513806.859,5257878.027,390,,100,,,,,,,,,,,
Tasmanian Basin,Upper Parmeener Supergroup,Pch-Rqp,519816.215,5247111.562,586,,400,,,,,,,,,,,
Tasmanian Basin,Lower Parmeener Group,Pur-Pua,527942.024,5257288.596,45,,200,,,,,,,,,,,
Tasmanian Basin,Lower/Upper Parmeener Group,Pua-Pch/Rcq,530389.463,5261276.62,239,,300,,,,,,,,,,,
Tasmanian Basin,Lower Parmeener Group,Pur-Pua,514635.892,5266319.67,241,,200,,,,,,,,,,,
Tasmanian Basin,Lower Parmeener Group,Pur-Pua,532494.811,5255519.836,92,,200,,,,,,,,,,,
Tasmanian Basin,Upper Parmeener Supergroup,Pch-Rqp,529188.329,5262545.622,301,,400,,,,,,,,,,,
Tasmanian Basin,Lower Parmeener Group,Pln-Pff,521693.193,5254949.251,189,,0,,,,,,,,,,,
Tasmanian Basin,Lower/Upper Parmeener Group,Pua-Pch/Rcq,529255.768,5262405.122,218,,300,,,,,,,,,,,
Tasmanian Basin,Lower Parmeener Group,Pur-Pua,519825.897,5252717.572,421,,200,,,,,,,,,,,
Tasmanian Basin,Lower Parmeener Group,Pln-Pff,521360.51,5243925.193,163,,0,,,,,,,,,,,
Tasmanian Basin,Lower Parmeener Group,Pur-Pua,521616.105,5247772.569,404,,200,,,,,,,,,,,
Tasmanian Basin,Upper Parmeener Supergroup,Rqm-Rv,523613.227,5266123.595,51,,600,,,,,,,,,,,
Tasmanian Basin,Lower Parmeener Group,Pur-Pua,538251.505,5251750.455,160,,200,,,,,,,,,,,
Tasmanian Basin,Lower/Upper Parmeener Group,Pua-Pch/Rcq,530242.465,5262189.624,223,,300,,,,,,,,,,,
Tasmanian Basin,Upper Parmeener Supergroup,Rcq/Rqp - Rqm,524191.214,5262333.599,91,,500,,,,,,,,,,,
Tasmanian Basin,Lower Parmeener Group,Pur-Pua,515311.189,5266037.09,160,,200,,,,,,,,,,,
Tasmanian Basin,Lower/Upper Parmeener Group,Pua-Pch/Rcq,532901.858,5264013.639,68,,300,,,,,,,,,,,
Sill_a4b,n/a,n/a,520901.677,5241984.306,195,,,,,,,,fault,,,,,Sill_a1
Sill_a4b,n/a,n/a,521388.891,5241894.807,143,,,,,,,,fault,,,,,Sill_a1
Sill_a4b,n/a,n/a,521552.162,5241393.802,177,,,,,,,,fault,,,,,Sill_a1
Sill_a4b,n/a,n/a,525387.057,5244844.819,60,,,,,,,,fault,,,,,Sill_a1
Sill_a4b,n/a,n/a,525480.184,5243865.817,20,,,,,,,,fault,,,,,Sill_a1
Sill_a4b,n/a,n/a,529372.676,5248255.789,20,,,,,,,,fault,,,,,Sill_a1
Sill_a4b,n/a,n/a,529504.616,5247615.794,7,,,,,,,,fault,,,,,Sill_a1
Sill_a4b,n/a,n/a,517431.346,5254224.608,448,,,,,,,,fault,,,,,Sill_a1
Sill_a4b,n/a,n/a,520992.677,5253085.325,225,,,,,,,,fault,,,,,Sill_a1
Sill_a4b,Rvcq,Rv,520257.392,5259318.393,78,,,,,,,,floor,,Tasmanian Basin,,,Sill_a1
Sill_a4b,Puom,Puo-Puc,516668.204,5242704.041,241,,,,,,,,roof,,Tasmanian Basin,,,Sill_a0
Sill_a4b,Puom,Puo-Puc,516770.326,5242527.039,227,,,,,,,,roof,,Tasmanian Basin,,,Sill_a1
Sill_a4b,Puom,Puo-Puc,517864.565,5241510.53,224,,,,,,,,roof,,Tasmanian Basin,,,Sill_a0
Sill_a4b,Puom,Puo-Puc,517867.919,5242589.547,250,,,,,,,,roof,,Tasmanian Basin,,,Sill_a1
Sill_a4b,Puom,Puo-Puc,517988.64,5242910.049,260,,,,,,,,roof,,Tasmanian Basin,,,Sill_a0
Sill_a4b,Puom,Puo-Puc,518723.093,5241343.034,239,,,,,,,,roof,,Tasmanian Basin,,,Sill_a0
Sill_a4b,Puom,Puo-Puc,518860.882,5242214.551,267,,,,,,,,roof,,Tasmanian Basin,,,Sill_a0
Sill_a4b,Puom,Puo-Puc,518922.282,5241553.54,246,,,,,,,,roof,,Tasmanian Basin,,,Sill_a0
Sill_a4b,Puom,Puo-Puc,518971.369,5240883.527,264,,,,,,,,roof,,Tasmanian Basin,,,Sill_a0
Sill_a4b,Puom,Puo-Puc,519492.289,5243057.056,286,,,,,,,,roof,,Tasmanian Basin,,,Sill_a0
Sill_a4b,Pucm,Puo-Puc,519600.901,5241585.046,267,,,,,,,,roof,,Tasmanian Basin,,,Sill_a0
Sill_a4b,Pucm,Puo-Puc,520167.525,5242172.305,280,,,,,,,,roof,,Tasmanian Basin,,,Sill_a0
Sill_a4b,Plnm,Pln-Pff,520550.665,5240758.288,247,,,,,,,,roof,,Tasmanian Basin,,,Sill_a0
Sill_a4b,Pucm,Puo-Puc,520635.113,5241753.302,285,,,,,,,,roof,,Tasmanian Basin,,,Sill_a0
Sill_a4b,Pucm,Puo-Puc,520704.421,5241429.298,286,,,,,,,,roof,,Tasmanian Basin,,,Sill_a0
Sill_a4b,Plnm,Puo-Puc,520911.599,5243817.316,177,,,,,,,,roof,,Tasmanian Basin,,,Sill_a0
Sill_a4b,Plnm,Puo-Puc,520964.941,5243648.316,207,,,,,,,,roof,,Tasmanian Basin,,,Sill_a0
Sill_a4b,Plnm,Pln-Pff,521072.28,5240673.792,258,,,,,,,,roof,,Tasmanian Basin,,,Sill_a0
Sill_a4b,Plnm,Puo-Puc,521112.816,5243847.317,193,,,,,,,,roof,,Tasmanian Basin,,,Sill_b1
Sill_a4b,Plnm,Pln-Pff,521306.503,5243967.819,156,,,,,,,,roof,,Tasmanian Basin,,,Sill_b1
Sill_a4b,Plnm,Pln-Pff,521425.347,5244346.32,174,,,,,,,,roof,,Tasmanian Basin,,,Sill_b1
Sill_a4b,Plnm,Pln-Pff,521510.625,5243979.32,137,,,,,,,,roof,,Tasmanian Basin,,,Sill_b1
Sill_a4b,Puc,Puo-Puc,521529.869,5240639.794,142,,,,,,,,roof,,Tasmanian Basin,,,Sill_b1
Sill_a4b,Plnm,Pln-Pff,521583.313,5244164.82,153,,,,,,,,roof,,Tasmanian Basin,,,Sill_b1
Sill_a4b,Puc,Puo-Puc,521590.559,5240827.796,147,,,,,,,,roof,,Tasmanian Basin,,,Sill_b1
Sill_a4b,Plnm,Pln-Pff,521664.582,5242694.314,160,,,,,,,,roof,,Tasmanian Basin,,,Sill_b1
Sill_a4b,Plnm,Pln-Pff,521721.686,5244367.321,144,,,,,,,,roof,,Tasmanian Basin,,,Sill_b1
Sill_a4b,Plnm,Pln-Pff,521833.336,5240500.793,110,,,,,,,,roof,,Tasmanian Basin,,,Sill_b1
Sill_a4b,Plnm,Pln-Pff,521845.495,5243732.321,154,,,,,,,,roof,,Tasmanian Basin,,,Sill_b1
Sill_a4b,Plnm,Pln-Pff,521864.337,5243550.32,184,,,,,,,,roof,,Tasmanian Basin,,,Sill_b1
Sill_a4b,Plnm,Pln-Pff,521874.65,5240668.295,114,,,,,,,,roof,,Tasmanian Basin,,,Sill_b1
Sill_a4b,Plnm,Pln-Pff,521897.308,5244134.322,122,,,,,,,,roof,,Tasmanian Basin,,,Sill_b1
Sill_a4b,Plnm,Pln-Pff,521911.796,5242532.313,169,,,,,,,,roof,,Tasmanian Basin,,,Sill_b1
Sill_a4b,Plnm,Pln-Pff,521962.985,5242766.315,150,,,,,,,,roof,,Tasmanian Basin,,,Sill_b1
Sill_a4b,Plnm,Pln-Pff,521999.617,5240487.794,119,,,,,,,,roof,,Tasmanian Basin,,,Sill_b1
Sill_a4b,Plnm,Pln-Pff,522041.684,5240872.298,124,,,,,,,,roof,,Tasmanian Basin,,,Sill_b1
Sill_a4b,Plnm,Pln-Pff,522042.458,5243399.819,172,,,,,,,,roof,,Tasmanian Basin,,,Sill_b1
Sill_a4b,Plnm,Pln-Pff,522105.543,5242614.814,135,,,,,,,,roof,,Tasmanian Basin,,,Sill_b1
Sill_a4b,Plnm,Pln-Pff,522145.674,5243208.818,153,,,,,,,,roof,,Tasmanian Basin,,,Sill_b1
Sill_a4b,Plnm,Pln-Pff,522196.639,5242966.817,135,,,,,,,,roof,,Tasmanian Basin,,,Sill_b1
Sill_a4b,Pua,Pua,523576.536,5244938.327,210,,,,,,,,roof,,Tasmanian Basin,,,Sill_b1
Sill_a4b,Pua,Pua,523686.034,5244994.327,219,,,,,,,,roof,,Tasmanian Basin,,,Sill_b1
Sill_a4b,Pua,Pua,526707.201,5240694.278,2,,,,,,,,roof,,Tasmanian Basin,,,Sill_b1
Sill_a4b,Pua,Pua,526886.51,5240288.274,5,,,,,,,,roof,,Tasmanian Basin,,,Sill_b1
Sill_a4b,Puc,Puo-Puc,521170.232,5253448.582,248,,,,,,,,roof,,Tasmanian Basin,,,Sill_b1
Sill_a4b,Puc,Puo-Puc,521467.788,5253568.082,241,,,,,,,,roof,,Tasmanian Basin,,,Sill_b1
Sill_a4b,Puc,Puo-Puc,522120.126,5252626.074,288,,,,,,,,roof,,Tasmanian Basin,,,Sill_b1
Sill_a4b,Pln,Pln-Pff,522383.364,5253164.013,222,,,,,,,,roof,,Tasmanian Basin,,,Sill_b1
Sill_a4b,Puo,Puo-Puc,538786.067,5247618.764,92,,,,,,,,roof,,Tasmanian Basin,,,Sill_b1
Sill_a4b,Puo,Puo-Puc,538527.629,5247796.266,32,,,,,,,,roof,,Tasmanian Basin,,,Sill_b1
Sill_a4b,synthetic point,synthetic point,525191.9451,5261587.041,440,,,,,,,,roof,,,,,Sill_b1
Sill_a4b,Puo,Puo-Puc,539008.877,5246896.763,82,,,,,,,,roof,,Tasmanian Basin,,,Sill_b1
Sill_a4b,Puo,Puo-Puc,538811.248,5246558.763,56,,,,,,,,roof,,Tasmanian Basin,,,Sill_a2
Sill_a4b,Pua,Pua,531101.669,5264466.885,117,,,,,,,,roof,,Tasmanian Basin,,,Sill_a2
Sill_a4b,Pln,Pln-Pff,516844.179,5258692.661,360,,,,,,,,roof,,Tasmanian Basin,,,Sill_a2
Sill_a4b,Pum,Pum,528822.318,5254899.822,0,,,,,,,,roof,,Tasmanian Basin,,,Sill_a2
Sill_a4b,Pln,Pln-Pff,516737.685,5259102.664,354,,,,,,,,roof,,Tasmanian Basin,,,Sill_a2
Sill_a4b,Puom,Puo-Puc,519278.239,5244487.056,336,,,,,,,,unknown,,,,,Sill_a2
Sill_a4b,Puom,Puo-Puc,519910.486,5244609.061,349,,,,,,,,unknown,,,,,Sill_a2
Sill_a4b,Pff,Pln-Pff,521179.006,5244441.819,198,,,,,,,,unknown,,Tasmanian Basin,,,Sill_a2
Sill_a4b,Pff,Pln-Pff,521517.128,5244743.321,192,,,,,,,,unknown,,Tasmanian Basin,,,Sill_a2
Sill_a4b,,synt point,521676.7214,5245339.822,161,,,,,,,,unknown,,,,,Sill_a2
Sill_a4b,n/a,n/a,522407.521,5244597.324,217,,,,,,,,unknown,,,,,Sill_a2
Sill_a4b,n/a,n/a,522989.576,5244228.325,216,,,,,,,,unknown,,,,,Sill_a1
Sill_a4b,n/a,n/a,523234.854,5244232.326,186,,,,,,,,unknown,,,,,Sill_a1
Sill_a4b,n/a,n/a,524749.998,5245026.323,174,,,,,,,,unknown,,,,,Sill_a1
Sill_a4b,n/a,n/a,525040.738,5247401.308,190,,,,,,,,unknown,,,,,Sill_a2
Sill_a4b,n/a,n/a,525142.183,5245203.822,129,,,,,,,,unknown,,,,,Sill_c1
Sill_a4b,n/a,n/a,525288.426,5247562.306,226,,,,,,,,unknown,,,,,Sill_c1
Sill_a4b,n/a,n/a,525413.864,5247706.805,240,,,,,,,,unknown,,,,,
Sill_a4b,n/a,n/a,525457.364,5247978.804,247,,,,,,,,unknown,,,,,Sill_c1
Sill_a4b,n/a,n/a,518246.086,5255401.616,403,,,,,,,,unknown,,,,,Sill_c1
Sill_a4b,n/a,n/a,518378.908,5253564.588,390,,,,,,,,unknown,,,,,Sill_c1
Sill_a4b,n/a,n/a,518681.23,5255914.618,412,,,,,,,,unknown,,,,,Sill_a3
Sill_a4b,n/a,n/a,518896.545,5256577.122,427,,,,,,,,unknown,,,,,Sill_b1
Sill_a4b,n/a,n/a,519694.659,5254929.104,176,,,,,,,,unknown,,,,,Sill_c2
Sill_a4b,n/a,n/a,520439.03,5256309.867,126,,,,,,,,unknown,,,,,Sill_a3
